site_id,year,volume
hungry_horse_reservoir_inflow,1911,2178.526
hungry_horse_reservoir_inflow,1912,1973.732
hungry_horse_reservoir_inflow,1913,3220.839
hungry_horse_reservoir_inflow,1914,
hungry_horse_reservoir_inflow,1915,
hungry_horse_reservoir_inflow,1916,
hungry_horse_reservoir_inflow,1917,
hungry_horse_reservoir_inflow,1918,
hungry_horse_reservoir_inflow,1919,
hungry_horse_reservoir_inflow,1920,
hungry_horse_reservoir_inflow,1921,
hungry_horse_reservoir_inflow,1922,
hungry_horse_reservoir_inflow,1923,1825.846
hungry_horse_reservoir_inflow,1924,1743.38
hungry_horse_reservoir_inflow,1925,
hungry_horse_reservoir_inflow,1926,
hungry_horse_reservoir_inflow,1927,
hungry_horse_reservoir_inflow,1928,
hungry_horse_reservoir_inflow,1929,1580.124
hungry_horse_reservoir_inflow,1930,1590.413
hungry_horse_reservoir_inflow,1931,1343.236
hungry_horse_reservoir_inflow,1932,2158.194
hungry_horse_reservoir_inflow,1933,2743.627
hungry_horse_reservoir_inflow,1934,2165.573
hungry_horse_reservoir_inflow,1935,1877.17
hungry_horse_reservoir_inflow,1936,2024.373
hungry_horse_reservoir_inflow,1937,1482.16
hungry_horse_reservoir_inflow,1938,1815.005
hungry_horse_reservoir_inflow,1939,2054.162
hungry_horse_reservoir_inflow,1940,1345.15
hungry_horse_reservoir_inflow,1941,907.109
hungry_horse_reservoir_inflow,1942,1656.754
hungry_horse_reservoir_inflow,1943,2722.492
hungry_horse_reservoir_inflow,1944,1123.905
hungry_horse_reservoir_inflow,1945,1689.676
hungry_horse_reservoir_inflow,1946,2154.941
hungry_horse_reservoir_inflow,1947,2402.122
hungry_horse_reservoir_inflow,1948,2443.492
hungry_horse_reservoir_inflow,1949,1899.144
hungry_horse_reservoir_inflow,1950,2755.636
hungry_horse_reservoir_inflow,1951,2299.201
hungry_horse_reservoir_inflow,1952,1979.14
hungry_horse_reservoir_inflow,1953,2170.908
hungry_horse_reservoir_inflow,1954,2692.282
hungry_horse_reservoir_inflow,1955,1976.861
hungry_horse_reservoir_inflow,1956,2487.717
hungry_horse_reservoir_inflow,1957,1897.365
hungry_horse_reservoir_inflow,1958,1849.236
hungry_horse_reservoir_inflow,1959,2956.763
hungry_horse_reservoir_inflow,1960,2039.9
hungry_horse_reservoir_inflow,1961,2161.104
hungry_horse_reservoir_inflow,1962,2326.266
hungry_horse_reservoir_inflow,1963,1552.783
hungry_horse_reservoir_inflow,1964,2430.572
hungry_horse_reservoir_inflow,1965,2576.404
hungry_horse_reservoir_inflow,1966,1909.287
hungry_horse_reservoir_inflow,1967,2491.37
hungry_horse_reservoir_inflow,1968,1788.864
hungry_horse_reservoir_inflow,1969,2014.967
hungry_horse_reservoir_inflow,1970,2127.155
hungry_horse_reservoir_inflow,1971,2682.016
hungry_horse_reservoir_inflow,1972,2683.779
hungry_horse_reservoir_inflow,1973,1374.208
hungry_horse_reservoir_inflow,1974,2933.242
hungry_horse_reservoir_inflow,1975,2342.728
hungry_horse_reservoir_inflow,1976,2342.779
hungry_horse_reservoir_inflow,1977,1128.579
hungry_horse_reservoir_inflow,1978,2222.678
hungry_horse_reservoir_inflow,1979,1932.177
hungry_horse_reservoir_inflow,1980,1808.924
hungry_horse_reservoir_inflow,1981,2129.782
hungry_horse_reservoir_inflow,1982,2427.723
hungry_horse_reservoir_inflow,1983,1711.739
hungry_horse_reservoir_inflow,1984,1704.332
hungry_horse_reservoir_inflow,1985,1940.968
hungry_horse_reservoir_inflow,1986,1658.333
hungry_horse_reservoir_inflow,1987,1341.983
hungry_horse_reservoir_inflow,1988,1378.234
hungry_horse_reservoir_inflow,1989,2127.011
hungry_horse_reservoir_inflow,1990,2259.921
hungry_horse_reservoir_inflow,1991,2614.901
hungry_horse_reservoir_inflow,1992,1300.504
hungry_horse_reservoir_inflow,1993,1756.533
hungry_horse_reservoir_inflow,1994,1499.525
hungry_horse_reservoir_inflow,1995,1606.505
hungry_horse_reservoir_inflow,1996,2405.359
hungry_horse_reservoir_inflow,1997,3044.761
hungry_horse_reservoir_inflow,1998,1580.989
hungry_horse_reservoir_inflow,1999,2037.214
hungry_horse_reservoir_inflow,2000,1912.301
hungry_horse_reservoir_inflow,2001,1243.414
hungry_horse_reservoir_inflow,2002,2147.62
hungry_horse_reservoir_inflow,2003,1603.972
hungry_horse_reservoir_inflow,2004,1687.427
hungry_horse_reservoir_inflow,2006,2147.947
hungry_horse_reservoir_inflow,2008,2357.282
hungry_horse_reservoir_inflow,2010,1705.379
hungry_horse_reservoir_inflow,2012,2566.169
hungry_horse_reservoir_inflow,2014,2596.926
hungry_horse_reservoir_inflow,2016,1627.341
hungry_horse_reservoir_inflow,2018,2831.197
hungry_horse_reservoir_inflow,2020,2268.463
hungry_horse_reservoir_inflow,2022,2297.956
snake_r_nr_heise,1911,3824.846
snake_r_nr_heise,1912,4055.851
snake_r_nr_heise,1913,4310.049
snake_r_nr_heise,1914,3892.207
snake_r_nr_heise,1915,2172.21
snake_r_nr_heise,1916,4010.252
snake_r_nr_heise,1917,4459.008
snake_r_nr_heise,1918,4396.971
snake_r_nr_heise,1919,2048.478
snake_r_nr_heise,1920,3572.961
snake_r_nr_heise,1921,3904.933
snake_r_nr_heise,1922,3430.357
snake_r_nr_heise,1923,3296.899
snake_r_nr_heise,1924,2117.723
snake_r_nr_heise,1925,4056.807
snake_r_nr_heise,1926,2214.205
snake_r_nr_heise,1927,4374.162
snake_r_nr_heise,1928,4153.88
snake_r_nr_heise,1929,2582.777
snake_r_nr_heise,1930,2599.425
snake_r_nr_heise,1931,1517.786
snake_r_nr_heise,1932,3213.759
snake_r_nr_heise,1933,2596.623
snake_r_nr_heise,1934,1530.962
snake_r_nr_heise,1935,2813.042
snake_r_nr_heise,1936,3851.651
snake_r_nr_heise,1937,2410.228
snake_r_nr_heise,1938,3566.251
snake_r_nr_heise,1939,2664.228
snake_r_nr_heise,1940,2057.73
snake_r_nr_heise,1941,2208.99
snake_r_nr_heise,1942,2779.119
snake_r_nr_heise,1943,4693.21
snake_r_nr_heise,1944,2324.4
snake_r_nr_heise,1945,2988.375
snake_r_nr_heise,1946,3502.678
snake_r_nr_heise,1947,3409.755
snake_r_nr_heise,1948,3163.413
snake_r_nr_heise,1949,3286.648
snake_r_nr_heise,1950,4156.016
snake_r_nr_heise,1951,4127.207
snake_r_nr_heise,1952,3782.935
snake_r_nr_heise,1953,2924.909
snake_r_nr_heise,1954,3427.292
snake_r_nr_heise,1955,2433.491
snake_r_nr_heise,1956,4841.428
snake_r_nr_heise,1957,3718.973
snake_r_nr_heise,1958,2768.584
snake_r_nr_heise,1959,2845.365
snake_r_nr_heise,1960,2287.773
snake_r_nr_heise,1961,2109.546
snake_r_nr_heise,1962,3693.326
snake_r_nr_heise,1963,2829.561
snake_r_nr_heise,1964,3562.946
snake_r_nr_heise,1965,4461.673
snake_r_nr_heise,1966,2485.641
snake_r_nr_heise,1967,3542.049
snake_r_nr_heise,1968,2997.983
snake_r_nr_heise,1969,3168.393
snake_r_nr_heise,1970,3412.9
snake_r_nr_heise,1971,5309.639
snake_r_nr_heise,1972,4551.399
snake_r_nr_heise,1973,2490.548
snake_r_nr_heise,1974,4883.008
snake_r_nr_heise,1975,3763.562
snake_r_nr_heise,1976,4271.249
snake_r_nr_heise,1977,1171.077
snake_r_nr_heise,1978,4308.386
snake_r_nr_heise,1979,2930.572
snake_r_nr_heise,1980,3364.373
snake_r_nr_heise,1981,2515.201
snake_r_nr_heise,1982,4884.066
snake_r_nr_heise,1983,4175.588
snake_r_nr_heise,1984,4240.319
snake_r_nr_heise,1985,2998.306
snake_r_nr_heise,1986,5263.916
snake_r_nr_heise,1987,2152.418
snake_r_nr_heise,1988,2311.441
snake_r_nr_heise,1989,3326.521
snake_r_nr_heise,1990,2371.938
snake_r_nr_heise,1991,2839.144
snake_r_nr_heise,1992,1688.949
snake_r_nr_heise,1993,3466.584
snake_r_nr_heise,1994,2001.717
snake_r_nr_heise,1995,3804.058
snake_r_nr_heise,1996,4931.251
snake_r_nr_heise,1997,6096.455
snake_r_nr_heise,1998,3839.919
snake_r_nr_heise,1999,4253.935
snake_r_nr_heise,2000,2643.86
snake_r_nr_heise,2001,1650.936
snake_r_nr_heise,2002,2356.273
snake_r_nr_heise,2003,2482.024
snake_r_nr_heise,2004,2368.268
snake_r_nr_heise,2006,3578.118
snake_r_nr_heise,2008,3650.611
snake_r_nr_heise,2010,2602.37
snake_r_nr_heise,2012,2887.115
snake_r_nr_heise,2014,3906.414
snake_r_nr_heise,2016,2601.755
snake_r_nr_heise,2018,4257.072
snake_r_nr_heise,2020,3430.482
snake_r_nr_heise,2022,2389.842
pueblo_reservoir_inflow,1959,
pueblo_reservoir_inflow,1960,
pueblo_reservoir_inflow,1961,
pueblo_reservoir_inflow,1962,
pueblo_reservoir_inflow,1963,
pueblo_reservoir_inflow,1964,42.497
pueblo_reservoir_inflow,1965,
pueblo_reservoir_inflow,1966,19.686
pueblo_reservoir_inflow,1967,
pueblo_reservoir_inflow,1968,19.0
pueblo_reservoir_inflow,1969,67.436
pueblo_reservoir_inflow,1970,42.214
pueblo_reservoir_inflow,1971,283.881
pueblo_reservoir_inflow,1972,252.67
pueblo_reservoir_inflow,1973,438.982
pueblo_reservoir_inflow,1974,224.833
pueblo_reservoir_inflow,1975,364.949
pueblo_reservoir_inflow,1976,256.151
pueblo_reservoir_inflow,1977,125.095
pueblo_reservoir_inflow,1978,282.892
pueblo_reservoir_inflow,1979,436.879
pueblo_reservoir_inflow,1980,584.471
pueblo_reservoir_inflow,1981,134.03
pueblo_reservoir_inflow,1982,322.87
pueblo_reservoir_inflow,1983,520.411
pueblo_reservoir_inflow,1984,587.409
pueblo_reservoir_inflow,1985,617.679
pueblo_reservoir_inflow,1986,478.012
pueblo_reservoir_inflow,1987,555.097
pueblo_reservoir_inflow,1988,243.853
pueblo_reservoir_inflow,1989,240.059
pueblo_reservoir_inflow,1990,283.639
pueblo_reservoir_inflow,1991,254.663
pueblo_reservoir_inflow,1992,278.595
pueblo_reservoir_inflow,1993,376.522
pueblo_reservoir_inflow,1994,386.188
pueblo_reservoir_inflow,1995,759.522
pueblo_reservoir_inflow,1996,383.566
pueblo_reservoir_inflow,1997,499.068
pueblo_reservoir_inflow,1998,288.922
pueblo_reservoir_inflow,1999,502.838
pueblo_reservoir_inflow,2000,278.994
pueblo_reservoir_inflow,2001,286.927
pueblo_reservoir_inflow,2002,91.587
pueblo_reservoir_inflow,2003,251.667
pueblo_reservoir_inflow,2004,229.777
pueblo_reservoir_inflow,2006,267.524
pueblo_reservoir_inflow,2008,422.388
pueblo_reservoir_inflow,2010,316.128
pueblo_reservoir_inflow,2012,140.683
pueblo_reservoir_inflow,2014,375.969
pueblo_reservoir_inflow,2016,337.815
pueblo_reservoir_inflow,2018,171.173
pueblo_reservoir_inflow,2020,235.045
pueblo_reservoir_inflow,2022,207.156
sweetwater_r_nr_alcova,1914,84.133
sweetwater_r_nr_alcova,1915,28.862
sweetwater_r_nr_alcova,1916,91.389
sweetwater_r_nr_alcova,1917,155.675
sweetwater_r_nr_alcova,1918,60.733
sweetwater_r_nr_alcova,1919,22.017
sweetwater_r_nr_alcova,1920,144.052
sweetwater_r_nr_alcova,1921,121.44
sweetwater_r_nr_alcova,1922,112.203
sweetwater_r_nr_alcova,1923,97.655
sweetwater_r_nr_alcova,1924,208.241
sweetwater_r_nr_alcova,1925,
sweetwater_r_nr_alcova,1926,
sweetwater_r_nr_alcova,1927,
sweetwater_r_nr_alcova,1928,
sweetwater_r_nr_alcova,1929,
sweetwater_r_nr_alcova,1930,
sweetwater_r_nr_alcova,1931,
sweetwater_r_nr_alcova,1932,
sweetwater_r_nr_alcova,1933,
sweetwater_r_nr_alcova,1934,
sweetwater_r_nr_alcova,1935,
sweetwater_r_nr_alcova,1936,
sweetwater_r_nr_alcova,1937,
sweetwater_r_nr_alcova,1938,
sweetwater_r_nr_alcova,1939,22.29
sweetwater_r_nr_alcova,1940,7.658
sweetwater_r_nr_alcova,1941,52.685
sweetwater_r_nr_alcova,1942,58.945
sweetwater_r_nr_alcova,1943,86.812
sweetwater_r_nr_alcova,1944,79.357
sweetwater_r_nr_alcova,1945,91.805
sweetwater_r_nr_alcova,1946,47.814
sweetwater_r_nr_alcova,1947,80.168
sweetwater_r_nr_alcova,1948,39.371
sweetwater_r_nr_alcova,1949,84.953
sweetwater_r_nr_alcova,1950,154.944
sweetwater_r_nr_alcova,1951,69.055
sweetwater_r_nr_alcova,1952,95.65
sweetwater_r_nr_alcova,1953,40.342
sweetwater_r_nr_alcova,1954,43.898
sweetwater_r_nr_alcova,1955,33.291
sweetwater_r_nr_alcova,1956,41.024
sweetwater_r_nr_alcova,1957,87.538
sweetwater_r_nr_alcova,1958,42.233
sweetwater_r_nr_alcova,1959,16.083
sweetwater_r_nr_alcova,1960,14.164
sweetwater_r_nr_alcova,1961,10.205
sweetwater_r_nr_alcova,1962,75.532
sweetwater_r_nr_alcova,1963,32.043
sweetwater_r_nr_alcova,1964,48.341
sweetwater_r_nr_alcova,1965,99.592
sweetwater_r_nr_alcova,1966,26.042
sweetwater_r_nr_alcova,1967,72.445
sweetwater_r_nr_alcova,1968,51.708
sweetwater_r_nr_alcova,1969,54.431
sweetwater_r_nr_alcova,1970,47.763
sweetwater_r_nr_alcova,1971,79.596
sweetwater_r_nr_alcova,1972,110.619
sweetwater_r_nr_alcova,1973,113.431
sweetwater_r_nr_alcova,1974,105.552
sweetwater_r_nr_alcova,1975,87.849
sweetwater_r_nr_alcova,1976,64.504
sweetwater_r_nr_alcova,1977,22.482
sweetwater_r_nr_alcova,1978,74.584
sweetwater_r_nr_alcova,1979,
sweetwater_r_nr_alcova,1980,147.275
sweetwater_r_nr_alcova,1981,27.8
sweetwater_r_nr_alcova,1982,72.729
sweetwater_r_nr_alcova,1983,171.834
sweetwater_r_nr_alcova,1984,94.157
sweetwater_r_nr_alcova,1985,
sweetwater_r_nr_alcova,1986,140.317
sweetwater_r_nr_alcova,1987,54.113
sweetwater_r_nr_alcova,1988,32.291
sweetwater_r_nr_alcova,1989,17.874
sweetwater_r_nr_alcova,1990,25.974
sweetwater_r_nr_alcova,1991,62.44
sweetwater_r_nr_alcova,1992,14.384
sweetwater_r_nr_alcova,1993,72.905
sweetwater_r_nr_alcova,1994,41.913
sweetwater_r_nr_alcova,1995,134.765
sweetwater_r_nr_alcova,1996,56.636
sweetwater_r_nr_alcova,1997,111.612
sweetwater_r_nr_alcova,1998,59.931
sweetwater_r_nr_alcova,1999,97.107
sweetwater_r_nr_alcova,2000,34.688
sweetwater_r_nr_alcova,2001,21.259
sweetwater_r_nr_alcova,2002,14.471
sweetwater_r_nr_alcova,2003,16.675
sweetwater_r_nr_alcova,2004,32.836
sweetwater_r_nr_alcova,2006,31.2
sweetwater_r_nr_alcova,2008,51.84
sweetwater_r_nr_alcova,2010,92.681
sweetwater_r_nr_alcova,2012,24.437
sweetwater_r_nr_alcova,2014,42.012
sweetwater_r_nr_alcova,2016,72.487
sweetwater_r_nr_alcova,2018,35.215
sweetwater_r_nr_alcova,2020,25.364
sweetwater_r_nr_alcova,2022,16.082
missouri_r_at_toston,1890,
missouri_r_at_toston,1891,
missouri_r_at_toston,1892,
missouri_r_at_toston,1893,
missouri_r_at_toston,1894,
missouri_r_at_toston,1895,
missouri_r_at_toston,1896,
missouri_r_at_toston,1897,
missouri_r_at_toston,1898,
missouri_r_at_toston,1899,
missouri_r_at_toston,1900,1899.0
missouri_r_at_toston,1901,
missouri_r_at_toston,1902,
missouri_r_at_toston,1903,
missouri_r_at_toston,1904,
missouri_r_at_toston,1905,
missouri_r_at_toston,1906,
missouri_r_at_toston,1907,
missouri_r_at_toston,1908,
missouri_r_at_toston,1909,
missouri_r_at_toston,1910,
missouri_r_at_toston,1911,2178.0
missouri_r_at_toston,1912,2618.0
missouri_r_at_toston,1913,3131.0
missouri_r_at_toston,1914,2168.0
missouri_r_at_toston,1915,1993.0
missouri_r_at_toston,1916,2703.0
missouri_r_at_toston,1917,
missouri_r_at_toston,1918,
missouri_r_at_toston,1919,
missouri_r_at_toston,1920,
missouri_r_at_toston,1921,
missouri_r_at_toston,1922,
missouri_r_at_toston,1923,
missouri_r_at_toston,1924,
missouri_r_at_toston,1925,
missouri_r_at_toston,1926,
missouri_r_at_toston,1927,
missouri_r_at_toston,1928,
missouri_r_at_toston,1929,
missouri_r_at_toston,1930,
missouri_r_at_toston,1931,
missouri_r_at_toston,1932,
missouri_r_at_toston,1933,
missouri_r_at_toston,1934,
missouri_r_at_toston,1935,
missouri_r_at_toston,1936,
missouri_r_at_toston,1937,
missouri_r_at_toston,1938,
missouri_r_at_toston,1939,
missouri_r_at_toston,1940,
missouri_r_at_toston,1941,1076.0
missouri_r_at_toston,1942,2455.0
missouri_r_at_toston,1943,2893.0
missouri_r_at_toston,1944,1872.0
missouri_r_at_toston,1945,1473.0
missouri_r_at_toston,1946,1548.0
missouri_r_at_toston,1947,2603.0
missouri_r_at_toston,1948,3086.0
missouri_r_at_toston,1949,1877.0
missouri_r_at_toston,1950,1835.0
missouri_r_at_toston,1951,1908.0
missouri_r_at_toston,1952,2553.0
missouri_r_at_toston,1953,1868.0
missouri_r_at_toston,1954,1321.0
missouri_r_at_toston,1955,1549.0
missouri_r_at_toston,1956,2098.0
missouri_r_at_toston,1957,1955.0
missouri_r_at_toston,1958,1724.0
missouri_r_at_toston,1959,1725.0
missouri_r_at_toston,1960,1528.0
missouri_r_at_toston,1961,887.0
missouri_r_at_toston,1962,2004.0
missouri_r_at_toston,1963,1917.0
missouri_r_at_toston,1964,2365.721
missouri_r_at_toston,1965,2891.202
missouri_r_at_toston,1966,965.733
missouri_r_at_toston,1967,2739.785
missouri_r_at_toston,1968,2287.206
missouri_r_at_toston,1969,2670.554
missouri_r_at_toston,1970,2690.561
missouri_r_at_toston,1971,2907.767
missouri_r_at_toston,1972,2338.419
missouri_r_at_toston,1973,1450.721
missouri_r_at_toston,1974,2402.016
missouri_r_at_toston,1975,3188.191
missouri_r_at_toston,1976,3106.533
missouri_r_at_toston,1977,1026.437
missouri_r_at_toston,1978,2292.501
missouri_r_at_toston,1979,1667.873
missouri_r_at_toston,1980,2222.84
missouri_r_at_toston,1981,2468.608
missouri_r_at_toston,1982,2897.212
missouri_r_at_toston,1983,2302.536
missouri_r_at_toston,1984,3102.879
missouri_r_at_toston,1985,1277.58
missouri_r_at_toston,1986,1902.511
missouri_r_at_toston,1987,858.975
missouri_r_at_toston,1988,1003.15
missouri_r_at_toston,1989,1229.003
missouri_r_at_toston,1990,1262.862
missouri_r_at_toston,1991,1708.873
missouri_r_at_toston,1992,929.851
missouri_r_at_toston,1993,2306.923
missouri_r_at_toston,1994,1007.144
missouri_r_at_toston,1995,2798.195
missouri_r_at_toston,1996,2732.289
missouri_r_at_toston,1997,3566.9
missouri_r_at_toston,1998,2514.427
missouri_r_at_toston,1999,2062.115
missouri_r_at_toston,2000,1016.557
missouri_r_at_toston,2001,857.479
missouri_r_at_toston,2002,1121.155
missouri_r_at_toston,2003,1318.454
missouri_r_at_toston,2004,903.151
missouri_r_at_toston,2006,1701.831
missouri_r_at_toston,2008,2206.367
missouri_r_at_toston,2010,2020.918
missouri_r_at_toston,2012,1607.796
missouri_r_at_toston,2014,2066.699
missouri_r_at_toston,2016,1370.203
missouri_r_at_toston,2018,3143.592
missouri_r_at_toston,2020,1851.078
missouri_r_at_toston,2022,1586.716
animas_r_at_durango,1898,486.409
animas_r_at_durango,1899,
animas_r_at_durango,1900,297.665
animas_r_at_durango,1901,
animas_r_at_durango,1902,
animas_r_at_durango,1903,
animas_r_at_durango,1904,
animas_r_at_durango,1905,
animas_r_at_durango,1906,
animas_r_at_durango,1907,
animas_r_at_durango,1908,
animas_r_at_durango,1909,
animas_r_at_durango,1910,
animas_r_at_durango,1911,
animas_r_at_durango,1912,580.586
animas_r_at_durango,1913,353.264
animas_r_at_durango,1914,655.903
animas_r_at_durango,1915,517.944
animas_r_at_durango,1916,633.449
animas_r_at_durango,1917,704.757
animas_r_at_durango,1918,370.797
animas_r_at_durango,1919,535.569
animas_r_at_durango,1920,798.841
animas_r_at_durango,1921,673.726
animas_r_at_durango,1922,645.655
animas_r_at_durango,1923,496.479
animas_r_at_durango,1924,402.857
animas_r_at_durango,1925,357.903
animas_r_at_durango,1926,
animas_r_at_durango,1927,
animas_r_at_durango,1928,370.282
animas_r_at_durango,1929,508.096
animas_r_at_durango,1930,362.765
animas_r_at_durango,1931,183.607
animas_r_at_durango,1932,563.282
animas_r_at_durango,1933,320.546
animas_r_at_durango,1934,154.203
animas_r_at_durango,1935,436.809
animas_r_at_durango,1936,371.078
animas_r_at_durango,1937,418.328
animas_r_at_durango,1938,565.407
animas_r_at_durango,1939,265.854
animas_r_at_durango,1940,248.847
animas_r_at_durango,1941,744.777
animas_r_at_durango,1942,539.718
animas_r_at_durango,1943,386.14
animas_r_at_durango,1944,634.47
animas_r_at_durango,1945,412.995
animas_r_at_durango,1946,294.653
animas_r_at_durango,1947,439.26
animas_r_at_durango,1948,587.181
animas_r_at_durango,1949,647.938
animas_r_at_durango,1950,292.107
animas_r_at_durango,1951,224.809
animas_r_at_durango,1952,683.623
animas_r_at_durango,1953,278.952
animas_r_at_durango,1954,255.537
animas_r_at_durango,1955,270.716
animas_r_at_durango,1956,277.389
animas_r_at_durango,1957,617.417
animas_r_at_durango,1958,581.249
animas_r_at_durango,1959,208.478
animas_r_at_durango,1960,419.909
animas_r_at_durango,1961,331.98
animas_r_at_durango,1962,449.084
animas_r_at_durango,1963,231.663
animas_r_at_durango,1964,245.34
animas_r_at_durango,1965,601.872
animas_r_at_durango,1966,343.637
animas_r_at_durango,1967,235.605
animas_r_at_durango,1968,437.254
animas_r_at_durango,1969,467.803
animas_r_at_durango,1970,352.387
animas_r_at_durango,1971,318.406
animas_r_at_durango,1972,250.876
animas_r_at_durango,1973,681.633
animas_r_at_durango,1974,233.75
animas_r_at_durango,1975,641.93
animas_r_at_durango,1976,328.417
animas_r_at_durango,1977,106.303
animas_r_at_durango,1978,450.323
animas_r_at_durango,1979,701.52
animas_r_at_durango,1980,602.981
animas_r_at_durango,1981,247.21
animas_r_at_durango,1982,448.572
animas_r_at_durango,1983,561.797
animas_r_at_durango,1984,556.082
animas_r_at_durango,1985,656.177
animas_r_at_durango,1986,578.634
animas_r_at_durango,1987,595.429
animas_r_at_durango,1988,295.537
animas_r_at_durango,1989,291.162
animas_r_at_durango,1990,289.049
animas_r_at_durango,1991,352.421
animas_r_at_durango,1992,392.716
animas_r_at_durango,1993,612.552
animas_r_at_durango,1994,341.587
animas_r_at_durango,1995,608.834
animas_r_at_durango,1996,271.061
animas_r_at_durango,1997,599.199
animas_r_at_durango,1998,371.765
animas_r_at_durango,1999,487.26
animas_r_at_durango,2000,280.582
animas_r_at_durango,2001,421.168
animas_r_at_durango,2002,83.316
animas_r_at_durango,2003,242.164
animas_r_at_durango,2004,362.735
animas_r_at_durango,2006,298.733
animas_r_at_durango,2008,513.515
animas_r_at_durango,2010,323.818
animas_r_at_durango,2012,228.724
animas_r_at_durango,2014,360.77
animas_r_at_durango,2016,374.824
animas_r_at_durango,2018,116.118
animas_r_at_durango,2020,264.906
animas_r_at_durango,2022,227.611
yampa_r_nr_maybell,1916,811.442
yampa_r_nr_maybell,1917,1867.002
yampa_r_nr_maybell,1918,1079.743
yampa_r_nr_maybell,1919,763.386
yampa_r_nr_maybell,1920,1409.542
yampa_r_nr_maybell,1921,1516.761
yampa_r_nr_maybell,1922,950.078
yampa_r_nr_maybell,1923,1199.974
yampa_r_nr_maybell,1924,816.676
yampa_r_nr_maybell,1925,789.558
yampa_r_nr_maybell,1926,924.303
yampa_r_nr_maybell,1927,1157.982
yampa_r_nr_maybell,1928,1211.222
yampa_r_nr_maybell,1929,1677.56
yampa_r_nr_maybell,1930,803.422
yampa_r_nr_maybell,1931,606.964
yampa_r_nr_maybell,1932,1203.619
yampa_r_nr_maybell,1933,919.528
yampa_r_nr_maybell,1934,277.766
yampa_r_nr_maybell,1935,757.916
yampa_r_nr_maybell,1936,1019.43
yampa_r_nr_maybell,1937,813.417
yampa_r_nr_maybell,1938,1025.342
yampa_r_nr_maybell,1939,748.54
yampa_r_nr_maybell,1940,735.447
yampa_r_nr_maybell,1941,833.27
yampa_r_nr_maybell,1942,986.983
yampa_r_nr_maybell,1943,766.916
yampa_r_nr_maybell,1944,765.725
yampa_r_nr_maybell,1945,1084.485
yampa_r_nr_maybell,1946,706.7
yampa_r_nr_maybell,1947,1092.195
yampa_r_nr_maybell,1948,939.586
yampa_r_nr_maybell,1949,1166.801
yampa_r_nr_maybell,1950,809.758
yampa_r_nr_maybell,1951,863.099
yampa_r_nr_maybell,1952,1303.301
yampa_r_nr_maybell,1953,709.637
yampa_r_nr_maybell,1954,414.03
yampa_r_nr_maybell,1955,650.239
yampa_r_nr_maybell,1956,907.341
yampa_r_nr_maybell,1957,1603.46
yampa_r_nr_maybell,1958,1075.552
yampa_r_nr_maybell,1959,689.434
yampa_r_nr_maybell,1960,831.499
yampa_r_nr_maybell,1961,506.029
yampa_r_nr_maybell,1962,1243.686
yampa_r_nr_maybell,1963,493.552
yampa_r_nr_maybell,1964,776.291
yampa_r_nr_maybell,1965,1147.478
yampa_r_nr_maybell,1966,486.278
yampa_r_nr_maybell,1967,762.504
yampa_r_nr_maybell,1968,992.475
yampa_r_nr_maybell,1969,945.445
yampa_r_nr_maybell,1970,1157.966
yampa_r_nr_maybell,1971,1248.531
yampa_r_nr_maybell,1972,710.142
yampa_r_nr_maybell,1973,1058.66
yampa_r_nr_maybell,1974,1266.134
yampa_r_nr_maybell,1975,1068.603
yampa_r_nr_maybell,1976,677.323
yampa_r_nr_maybell,1977,260.593
yampa_r_nr_maybell,1978,1310.054
yampa_r_nr_maybell,1979,1179.299
yampa_r_nr_maybell,1980,1143.07
yampa_r_nr_maybell,1981,460.382
yampa_r_nr_maybell,1982,1180.041
yampa_r_nr_maybell,1983,1316.577
yampa_r_nr_maybell,1984,1920.399
yampa_r_nr_maybell,1985,1353.951
yampa_r_nr_maybell,1986,1315.741
yampa_r_nr_maybell,1987,560.009
yampa_r_nr_maybell,1988,800.555
yampa_r_nr_maybell,1989,512.152
yampa_r_nr_maybell,1990,547.893
yampa_r_nr_maybell,1991,736.652
yampa_r_nr_maybell,1992,464.811
yampa_r_nr_maybell,1993,1131.29
yampa_r_nr_maybell,1994,493.244
yampa_r_nr_maybell,1995,1335.323
yampa_r_nr_maybell,1996,1337.527
yampa_r_nr_maybell,1997,1532.674
yampa_r_nr_maybell,1998,1193.56
yampa_r_nr_maybell,1999,887.072
yampa_r_nr_maybell,2000,777.007
yampa_r_nr_maybell,2001,587.59
yampa_r_nr_maybell,2002,269.218
yampa_r_nr_maybell,2003,893.238
yampa_r_nr_maybell,2004,547.856
yampa_r_nr_maybell,2006,976.528
yampa_r_nr_maybell,2008,1359.41
yampa_r_nr_maybell,2010,897.328
yampa_r_nr_maybell,2012,336.786
yampa_r_nr_maybell,2014,1092.42
yampa_r_nr_maybell,2016,1061.64
yampa_r_nr_maybell,2018,571.236
yampa_r_nr_maybell,2020,812.36
yampa_r_nr_maybell,2022,680.993
libby_reservoir_inflow,1958,5254.0
libby_reservoir_inflow,1959,7449.0
libby_reservoir_inflow,1960,5873.0
libby_reservoir_inflow,1961,7303.0
libby_reservoir_inflow,1962,5372.0
libby_reservoir_inflow,1963,5794.0
libby_reservoir_inflow,1964,6299.0
libby_reservoir_inflow,1965,4829.0
libby_reservoir_inflow,1966,6556.0
libby_reservoir_inflow,1967,7447.0
libby_reservoir_inflow,1968,5609.0
libby_reservoir_inflow,1969,7363.0
libby_reservoir_inflow,1970,4205.0
libby_reservoir_inflow,1971,6939.0
libby_reservoir_inflow,1972,7992.363
libby_reservoir_inflow,1973,4564.661
libby_reservoir_inflow,1974,8434.801
libby_reservoir_inflow,1975,5338.724
libby_reservoir_inflow,1976,6295.202
libby_reservoir_inflow,1977,3027.357
libby_reservoir_inflow,1978,5739.002
libby_reservoir_inflow,1979,3844.503
libby_reservoir_inflow,1980,5515.582
libby_reservoir_inflow,1981,6618.745
libby_reservoir_inflow,1982,5856.499
libby_reservoir_inflow,1983,5318.242
libby_reservoir_inflow,1984,4544.765
libby_reservoir_inflow,1985,4390.328
libby_reservoir_inflow,1986,5561.605
libby_reservoir_inflow,1987,4566.589
libby_reservoir_inflow,1988,4257.023
libby_reservoir_inflow,1989,4943.715
libby_reservoir_inflow,1990,6902.071
libby_reservoir_inflow,1991,7664.593
libby_reservoir_inflow,1992,4046.577
libby_reservoir_inflow,1993,4811.008
libby_reservoir_inflow,1994,4841.002
libby_reservoir_inflow,1995,5596.5
libby_reservoir_inflow,1996,7627.021
libby_reservoir_inflow,1997,7227.159
libby_reservoir_inflow,1998,5333.285
libby_reservoir_inflow,1999,6171.781
libby_reservoir_inflow,2000,4965.949
libby_reservoir_inflow,2001,2866.007
libby_reservoir_inflow,2002,6612.48
libby_reservoir_inflow,2003,4665.747
libby_reservoir_inflow,2004,4114.415
libby_reservoir_inflow,2006,6192.109
libby_reservoir_inflow,2008,5061.314
libby_reservoir_inflow,2010,4073.798
libby_reservoir_inflow,2012,8484.032
libby_reservoir_inflow,2014,6148.206
libby_reservoir_inflow,2016,4980.456
libby_reservoir_inflow,2018,5821.048
libby_reservoir_inflow,2020,5799.534
libby_reservoir_inflow,2022,6230.893
boise_r_nr_boise,1895,
boise_r_nr_boise,1896,
boise_r_nr_boise,1897,
boise_r_nr_boise,1898,
boise_r_nr_boise,1899,
boise_r_nr_boise,1900,1273.226
boise_r_nr_boise,1901,1325.138
boise_r_nr_boise,1902,952.87
boise_r_nr_boise,1903,1704.099
boise_r_nr_boise,1904,2185.21
boise_r_nr_boise,1905,726.486
boise_r_nr_boise,1906,1265.791
boise_r_nr_boise,1907,2189.216
boise_r_nr_boise,1908,1261.434
boise_r_nr_boise,1909,1944.278
boise_r_nr_boise,1910,1529.396
boise_r_nr_boise,1911,1831.518
boise_r_nr_boise,1912,1861.13
boise_r_nr_boise,1913,1508.211
boise_r_nr_boise,1914,1442.509
boise_r_nr_boise,1915,740.289
boise_r_nr_boise,1916,1990.807
boise_r_nr_boise,1917,1809.695
boise_r_nr_boise,1918,1319.98
boise_r_nr_boise,1919,1205.607
boise_r_nr_boise,1920,1080.561
boise_r_nr_boise,1921,2095.18
boise_r_nr_boise,1922,1864.508
boise_r_nr_boise,1923,1285.734
boise_r_nr_boise,1924,487.673
boise_r_nr_boise,1925,1708.082
boise_r_nr_boise,1926,622.355
boise_r_nr_boise,1927,1981.742
boise_r_nr_boise,1928,1576.784
boise_r_nr_boise,1929,913.612
boise_r_nr_boise,1930,897.372
boise_r_nr_boise,1931,568.856
boise_r_nr_boise,1932,1499.95
boise_r_nr_boise,1933,1215.479
boise_r_nr_boise,1934,570.724
boise_r_nr_boise,1935,1179.637
boise_r_nr_boise,1936,1588.624
boise_r_nr_boise,1937,820.693
boise_r_nr_boise,1938,1959.514
boise_r_nr_boise,1939,860.244
boise_r_nr_boise,1940,1073.544
boise_r_nr_boise,1941,898.378
boise_r_nr_boise,1942,1159.025
boise_r_nr_boise,1943,2694.236
boise_r_nr_boise,1944,814.473
boise_r_nr_boise,1945,1210.464
boise_r_nr_boise,1946,1781.36
boise_r_nr_boise,1947,1232.777
boise_r_nr_boise,1948,1355.38
boise_r_nr_boise,1949,1374.727
boise_r_nr_boise,1950,1738.894
boise_r_nr_boise,1951,1861.994
boise_r_nr_boise,1952,2250.55
boise_r_nr_boise,1953,1563.347
boise_r_nr_boise,1954,1485.575
boise_r_nr_boise,1955,1069.289
boise_r_nr_boise,1956,2230.699
boise_r_nr_boise,1957,1773.786
boise_r_nr_boise,1958,1899.324
boise_r_nr_boise,1959,1082.337
boise_r_nr_boise,1960,1174.251
boise_r_nr_boise,1961,762.107
boise_r_nr_boise,1962,1410.171
boise_r_nr_boise,1963,1225.928
boise_r_nr_boise,1964,1310.456
boise_r_nr_boise,1965,2574.056
boise_r_nr_boise,1966,813.006
boise_r_nr_boise,1967,1332.431
boise_r_nr_boise,1968,769.342
boise_r_nr_boise,1969,1912.073
boise_r_nr_boise,1970,1565.472
boise_r_nr_boise,1971,2463.903
boise_r_nr_boise,1972,2111.866
boise_r_nr_boise,1973,825.498
boise_r_nr_boise,1974,2343.888
boise_r_nr_boise,1975,1852.153
boise_r_nr_boise,1976,1468.057
boise_r_nr_boise,1977,338.027
boise_r_nr_boise,1978,1582.038
boise_r_nr_boise,1979,772.266
boise_r_nr_boise,1980,1542.103
boise_r_nr_boise,1981,908.64
boise_r_nr_boise,1982,2308.753
boise_r_nr_boise,1983,2319.605
boise_r_nr_boise,1984,2006.637
boise_r_nr_boise,1985,1056.7
boise_r_nr_boise,1986,1749.732
boise_r_nr_boise,1987,498.4
boise_r_nr_boise,1988,679.237
boise_r_nr_boise,1989,1240.158
boise_r_nr_boise,1990,762.934
boise_r_nr_boise,1991,656.77
boise_r_nr_boise,1992,418.176
boise_r_nr_boise,1993,1525.137
boise_r_nr_boise,1994,522.155
boise_r_nr_boise,1995,1754.717
boise_r_nr_boise,1996,1938.918
boise_r_nr_boise,1997,2332.055
boise_r_nr_boise,1998,1566.078
boise_r_nr_boise,1999,1718.455
boise_r_nr_boise,2000,1069.752
boise_r_nr_boise,2001,481.256
boise_r_nr_boise,2002,1096.457
boise_r_nr_boise,2003,1128.415
boise_r_nr_boise,2004,877.186
boise_r_nr_boise,2006,2061.028
boise_r_nr_boise,2008,1289.858
boise_r_nr_boise,2010,1127.418
boise_r_nr_boise,2012,1516.959
boise_r_nr_boise,2014,1074.609
boise_r_nr_boise,2016,1167.996
boise_r_nr_boise,2018,1136.914
boise_r_nr_boise,2020,836.987
boise_r_nr_boise,2022,982.987
green_r_bl_howard_a_hanson_dam,1935,206.3
green_r_bl_howard_a_hanson_dam,1936,339.3
green_r_bl_howard_a_hanson_dam,1937,340.2
green_r_bl_howard_a_hanson_dam,1938,269.1
green_r_bl_howard_a_hanson_dam,1939,232.7
green_r_bl_howard_a_hanson_dam,1940,156.8
green_r_bl_howard_a_hanson_dam,1941,109.8
green_r_bl_howard_a_hanson_dam,1942,258.9
green_r_bl_howard_a_hanson_dam,1943,316.3
green_r_bl_howard_a_hanson_dam,1944,190.5
green_r_bl_howard_a_hanson_dam,1945,297.1
green_r_bl_howard_a_hanson_dam,1946,382.7
green_r_bl_howard_a_hanson_dam,1947,212.4
green_r_bl_howard_a_hanson_dam,1948,385.9
green_r_bl_howard_a_hanson_dam,1949,415.4
green_r_bl_howard_a_hanson_dam,1950,475.8
green_r_bl_howard_a_hanson_dam,1951,270.1
green_r_bl_howard_a_hanson_dam,1952,277.1
green_r_bl_howard_a_hanson_dam,1953,260.4
green_r_bl_howard_a_hanson_dam,1954,375.0
green_r_bl_howard_a_hanson_dam,1955,421.0
green_r_bl_howard_a_hanson_dam,1956,469.0
green_r_bl_howard_a_hanson_dam,1957,254.1
green_r_bl_howard_a_hanson_dam,1958,198.8
green_r_bl_howard_a_hanson_dam,1959,295.4
green_r_bl_howard_a_hanson_dam,1960,293.0
green_r_bl_howard_a_hanson_dam,1961,258.9
green_r_bl_howard_a_hanson_dam,1962,247.7
green_r_bl_howard_a_hanson_dam,1963,189.1
green_r_bl_howard_a_hanson_dam,1964,435.5
green_r_bl_howard_a_hanson_dam,1965,222.1
green_r_bl_howard_a_hanson_dam,1966,278.1
green_r_bl_howard_a_hanson_dam,1967,218.2
green_r_bl_howard_a_hanson_dam,1968,193.6
green_r_bl_howard_a_hanson_dam,1969,338.2
green_r_bl_howard_a_hanson_dam,1970,228.7
green_r_bl_howard_a_hanson_dam,1971,364.9
green_r_bl_howard_a_hanson_dam,1972,391.1
green_r_bl_howard_a_hanson_dam,1973,146.8
green_r_bl_howard_a_hanson_dam,1974,461.0
green_r_bl_howard_a_hanson_dam,1975,316.2
green_r_bl_howard_a_hanson_dam,1976,283.2
green_r_bl_howard_a_hanson_dam,1977,183.7
green_r_bl_howard_a_hanson_dam,1978,163.0
green_r_bl_howard_a_hanson_dam,1979,208.4
green_r_bl_howard_a_hanson_dam,1980,201.7
green_r_bl_howard_a_hanson_dam,1981,244.8
green_r_bl_howard_a_hanson_dam,1982,217.677
green_r_bl_howard_a_hanson_dam,1983,166.954
green_r_bl_howard_a_hanson_dam,1984,266.818
green_r_bl_howard_a_hanson_dam,1985,291.093
green_r_bl_howard_a_hanson_dam,1986,179.903
green_r_bl_howard_a_hanson_dam,1987,185.926
green_r_bl_howard_a_hanson_dam,1988,276.592
green_r_bl_howard_a_hanson_dam,1989,256.752
green_r_bl_howard_a_hanson_dam,1990,288.801
green_r_bl_howard_a_hanson_dam,1991,237.729
green_r_bl_howard_a_hanson_dam,1992,108.711
green_r_bl_howard_a_hanson_dam,1993,257.829
green_r_bl_howard_a_hanson_dam,1994,171.983
green_r_bl_howard_a_hanson_dam,1995,137.973
green_r_bl_howard_a_hanson_dam,1996,175.965
green_r_bl_howard_a_hanson_dam,1997,379.674
green_r_bl_howard_a_hanson_dam,1998,172.276
green_r_bl_howard_a_hanson_dam,1999,267.409
green_r_bl_howard_a_hanson_dam,2000,271.94
green_r_bl_howard_a_hanson_dam,2001,232.62
green_r_bl_howard_a_hanson_dam,2002,355.139
green_r_bl_howard_a_hanson_dam,2003,162.845
green_r_bl_howard_a_hanson_dam,2004,187.331
green_r_bl_howard_a_hanson_dam,2006,230.612
green_r_bl_howard_a_hanson_dam,2008,413.145
green_r_bl_howard_a_hanson_dam,2010,253.306
green_r_bl_howard_a_hanson_dam,2012,354.142
green_r_bl_howard_a_hanson_dam,2014,253.69
green_r_bl_howard_a_hanson_dam,2016,170.71
green_r_bl_howard_a_hanson_dam,2018,245.962
green_r_bl_howard_a_hanson_dam,2020,220.251
green_r_bl_howard_a_hanson_dam,2022,291.132
taylor_park_reservoir_inflow,1953,92.4
taylor_park_reservoir_inflow,1954,67.9
taylor_park_reservoir_inflow,1955,76.4
taylor_park_reservoir_inflow,1956,102.3
taylor_park_reservoir_inflow,1957,190.6
taylor_park_reservoir_inflow,1958,91.0
taylor_park_reservoir_inflow,1959,68.5
taylor_park_reservoir_inflow,1960,100.1
taylor_park_reservoir_inflow,1961,71.6
taylor_park_reservoir_inflow,1962,143.6
taylor_park_reservoir_inflow,1963,61.396
taylor_park_reservoir_inflow,1964,72.298
taylor_park_reservoir_inflow,1965,144.847
taylor_park_reservoir_inflow,1966,76.89
taylor_park_reservoir_inflow,1967,92.384
taylor_park_reservoir_inflow,1968,86.894
taylor_park_reservoir_inflow,1969,112.421
taylor_park_reservoir_inflow,1970,127.673
taylor_park_reservoir_inflow,1971,106.029
taylor_park_reservoir_inflow,1972,90.969
taylor_park_reservoir_inflow,1973,101.271
taylor_park_reservoir_inflow,1974,78.589
taylor_park_reservoir_inflow,1975,93.118
taylor_park_reservoir_inflow,1976,82.938
taylor_park_reservoir_inflow,1977,37.009
taylor_park_reservoir_inflow,1978,94.816
taylor_park_reservoir_inflow,1979,131.207
taylor_park_reservoir_inflow,1980,127.013
taylor_park_reservoir_inflow,1981,53.069
taylor_park_reservoir_inflow,1982,110.663
taylor_park_reservoir_inflow,1983,110.505
taylor_park_reservoir_inflow,1984,168.211
taylor_park_reservoir_inflow,1985,132.902
taylor_park_reservoir_inflow,1986,167.472
taylor_park_reservoir_inflow,1987,114.251
taylor_park_reservoir_inflow,1988,64.558
taylor_park_reservoir_inflow,1989,81.207
taylor_park_reservoir_inflow,1990,74.606
taylor_park_reservoir_inflow,1991,90.469
taylor_park_reservoir_inflow,1992,70.78
taylor_park_reservoir_inflow,1993,133.926
taylor_park_reservoir_inflow,1994,82.46
taylor_park_reservoir_inflow,1995,182.06
taylor_park_reservoir_inflow,1996,128.41
taylor_park_reservoir_inflow,1997,145.313
taylor_park_reservoir_inflow,1998,73.66
taylor_park_reservoir_inflow,1999,103.6
taylor_park_reservoir_inflow,2000,76.095
taylor_park_reservoir_inflow,2001,69.992
taylor_park_reservoir_inflow,2002,34.544
taylor_park_reservoir_inflow,2003,76.133
taylor_park_reservoir_inflow,2004,64.707
taylor_park_reservoir_inflow,2006,72.835
taylor_park_reservoir_inflow,2008,135.684
taylor_park_reservoir_inflow,2010,77.271
taylor_park_reservoir_inflow,2012,40.059
taylor_park_reservoir_inflow,2014,109.835
taylor_park_reservoir_inflow,2016,77.966
taylor_park_reservoir_inflow,2018,50.814
taylor_park_reservoir_inflow,2020,60.973
taylor_park_reservoir_inflow,2022,71.884
dillon_reservoir_inflow,1951,233.9
dillon_reservoir_inflow,1952,200.3
dillon_reservoir_inflow,1953,170.1
dillon_reservoir_inflow,1954,65.5
dillon_reservoir_inflow,1955,90.3
dillon_reservoir_inflow,1956,164.7
dillon_reservoir_inflow,1957,221.5
dillon_reservoir_inflow,1958,159.8
dillon_reservoir_inflow,1959,134.8
dillon_reservoir_inflow,1960,154.969
dillon_reservoir_inflow,1961,100.84
dillon_reservoir_inflow,1962,187.867
dillon_reservoir_inflow,1963,72.864
dillon_reservoir_inflow,1964,107.949
dillon_reservoir_inflow,1965,226.01
dillon_reservoir_inflow,1966,77.849
dillon_reservoir_inflow,1967,118.857
dillon_reservoir_inflow,1968,128.727
dillon_reservoir_inflow,1969,141.436
dillon_reservoir_inflow,1970,204.866
dillon_reservoir_inflow,1971,185.533
dillon_reservoir_inflow,1972,146.613
dillon_reservoir_inflow,1973,159.83
dillon_reservoir_inflow,1974,168.803
dillon_reservoir_inflow,1975,157.761
dillon_reservoir_inflow,1976,127.018
dillon_reservoir_inflow,1977,76.993
dillon_reservoir_inflow,1978,193.473
dillon_reservoir_inflow,1979,173.967
dillon_reservoir_inflow,1980,179.831
dillon_reservoir_inflow,1981,71.795
dillon_reservoir_inflow,1982,162.755
dillon_reservoir_inflow,1983,209.422
dillon_reservoir_inflow,1984,275.938
dillon_reservoir_inflow,1985,172.642
dillon_reservoir_inflow,1986,188.517
dillon_reservoir_inflow,1987,126.83
dillon_reservoir_inflow,1988,138.289
dillon_reservoir_inflow,1989,136.511
dillon_reservoir_inflow,1990,131.791
dillon_reservoir_inflow,1991,138.083
dillon_reservoir_inflow,1992,129.482
dillon_reservoir_inflow,1993,196.068
dillon_reservoir_inflow,1994,121.131
dillon_reservoir_inflow,1995,261.956
dillon_reservoir_inflow,1996,262.917
dillon_reservoir_inflow,1997,246.149
dillon_reservoir_inflow,1998,118.678
dillon_reservoir_inflow,1999,195.164
dillon_reservoir_inflow,2000,156.136
dillon_reservoir_inflow,2001,143.325
dillon_reservoir_inflow,2002,54.617
dillon_reservoir_inflow,2003,170.46
dillon_reservoir_inflow,2004,75.806
dillon_reservoir_inflow,2006,173.858
dillon_reservoir_inflow,2008,191.286
dillon_reservoir_inflow,2010,137.337
dillon_reservoir_inflow,2012,60.991
dillon_reservoir_inflow,2014,238.481
dillon_reservoir_inflow,2016,153.139
dillon_reservoir_inflow,2018,114.167
dillon_reservoir_inflow,2020,144.736
dillon_reservoir_inflow,2022,112.491
ruedi_reservoir_inflow,1974,138.51
ruedi_reservoir_inflow,1975,140.071
ruedi_reservoir_inflow,1976,98.451
ruedi_reservoir_inflow,1977,53.5
ruedi_reservoir_inflow,1978,163.0
ruedi_reservoir_inflow,1979,171.5
ruedi_reservoir_inflow,1980,127.9
ruedi_reservoir_inflow,1981,86.294
ruedi_reservoir_inflow,1982,144.221
ruedi_reservoir_inflow,1983,189.591
ruedi_reservoir_inflow,1984,255.243
ruedi_reservoir_inflow,1985,172.931
ruedi_reservoir_inflow,1986,165.499
ruedi_reservoir_inflow,1987,109.262
ruedi_reservoir_inflow,1988,97.963
ruedi_reservoir_inflow,1989,90.983
ruedi_reservoir_inflow,1990,95.508
ruedi_reservoir_inflow,1991,123.162
ruedi_reservoir_inflow,1992,107.309
ruedi_reservoir_inflow,1993,194.305
ruedi_reservoir_inflow,1994,136.876
ruedi_reservoir_inflow,1995,208.05
ruedi_reservoir_inflow,1996,175.572
ruedi_reservoir_inflow,1997,188.137
ruedi_reservoir_inflow,1998,128.213
ruedi_reservoir_inflow,1999,124.294
ruedi_reservoir_inflow,2000,129.5
ruedi_reservoir_inflow,2001,106.021
ruedi_reservoir_inflow,2002,50.293
ruedi_reservoir_inflow,2003,129.666
ruedi_reservoir_inflow,2004,81.418
ruedi_reservoir_inflow,2006,144.096
ruedi_reservoir_inflow,2008,187.058
ruedi_reservoir_inflow,2010,127.449
ruedi_reservoir_inflow,2012,56.401
ruedi_reservoir_inflow,2014,161.634
ruedi_reservoir_inflow,2016,128.609
ruedi_reservoir_inflow,2018,82.874
ruedi_reservoir_inflow,2020,104.415
ruedi_reservoir_inflow,2022,104.703
fontenelle_reservoir_inflow,1958,
fontenelle_reservoir_inflow,1959,
fontenelle_reservoir_inflow,1960,
fontenelle_reservoir_inflow,1961,
fontenelle_reservoir_inflow,1962,
fontenelle_reservoir_inflow,1963,
fontenelle_reservoir_inflow,1964,
fontenelle_reservoir_inflow,1965,
fontenelle_reservoir_inflow,1966,518.888
fontenelle_reservoir_inflow,1967,1045.901
fontenelle_reservoir_inflow,1968,704.474
fontenelle_reservoir_inflow,1969,904.671
fontenelle_reservoir_inflow,1970,618.85
fontenelle_reservoir_inflow,1971,1228.299
fontenelle_reservoir_inflow,1972,1403.393
fontenelle_reservoir_inflow,1973,665.716
fontenelle_reservoir_inflow,1974,1026.567
fontenelle_reservoir_inflow,1975,975.986
fontenelle_reservoir_inflow,1976,1037.895
fontenelle_reservoir_inflow,1977,213.323
fontenelle_reservoir_inflow,1978,1094.12
fontenelle_reservoir_inflow,1979,587.392
fontenelle_reservoir_inflow,1980,976.448
fontenelle_reservoir_inflow,1981,425.96
fontenelle_reservoir_inflow,1982,1211.741
fontenelle_reservoir_inflow,1983,1234.461
fontenelle_reservoir_inflow,1984,1010.124
fontenelle_reservoir_inflow,1985,675.852
fontenelle_reservoir_inflow,1986,1682.879
fontenelle_reservoir_inflow,1987,729.802
fontenelle_reservoir_inflow,1988,389.756
fontenelle_reservoir_inflow,1989,518.38
fontenelle_reservoir_inflow,1990,524.473
fontenelle_reservoir_inflow,1991,694.496
fontenelle_reservoir_inflow,1992,260.777
fontenelle_reservoir_inflow,1993,757.159
fontenelle_reservoir_inflow,1994,364.763
fontenelle_reservoir_inflow,1995,984.434
fontenelle_reservoir_inflow,1996,1051.341
fontenelle_reservoir_inflow,1997,1291.024
fontenelle_reservoir_inflow,1998,977.272
fontenelle_reservoir_inflow,1999,1214.862
fontenelle_reservoir_inflow,2000,499.054
fontenelle_reservoir_inflow,2001,283.006
fontenelle_reservoir_inflow,2002,330.406
fontenelle_reservoir_inflow,2003,390.646
fontenelle_reservoir_inflow,2004,482.295
fontenelle_reservoir_inflow,2006,619.863
fontenelle_reservoir_inflow,2008,581.837
fontenelle_reservoir_inflow,2010,487.634
fontenelle_reservoir_inflow,2012,508.282
fontenelle_reservoir_inflow,2014,1019.5
fontenelle_reservoir_inflow,2016,650.032
fontenelle_reservoir_inflow,2018,996.835
fontenelle_reservoir_inflow,2020,677.381
fontenelle_reservoir_inflow,2022,455.986
weber_r_nr_oakley,1905,88.13
weber_r_nr_oakley,1906,151.745
weber_r_nr_oakley,1907,254.226
weber_r_nr_oakley,1908,118.82
weber_r_nr_oakley,1909,224.733
weber_r_nr_oakley,1910,134.018
weber_r_nr_oakley,1911,148.898
weber_r_nr_oakley,1912,158.182
weber_r_nr_oakley,1913,119.407
weber_r_nr_oakley,1914,191.621
weber_r_nr_oakley,1915,98.842
weber_r_nr_oakley,1916,157.641
weber_r_nr_oakley,1917,191.72
weber_r_nr_oakley,1918,115.902
weber_r_nr_oakley,1919,89.178
weber_r_nr_oakley,1920,160.379
weber_r_nr_oakley,1921,220.683
weber_r_nr_oakley,1922,189.903
weber_r_nr_oakley,1923,161.137
weber_r_nr_oakley,1924,76.344
weber_r_nr_oakley,1925,106.95
weber_r_nr_oakley,1926,97.986
weber_r_nr_oakley,1927,133.92
weber_r_nr_oakley,1928,131.104
weber_r_nr_oakley,1929,143.158
weber_r_nr_oakley,1930,98.753
weber_r_nr_oakley,1931,51.013
weber_r_nr_oakley,1932,154.669
weber_r_nr_oakley,1933,112.308
weber_r_nr_oakley,1934,35.467
weber_r_nr_oakley,1935,117.983
weber_r_nr_oakley,1936,145.339
weber_r_nr_oakley,1937,98.887
weber_r_nr_oakley,1938,121.657
weber_r_nr_oakley,1939,76.426
weber_r_nr_oakley,1940,66.299
weber_r_nr_oakley,1941,90.439
weber_r_nr_oakley,1942,114.238
weber_r_nr_oakley,1943,123.364
weber_r_nr_oakley,1944,128.884
weber_r_nr_oakley,1945,95.937
weber_r_nr_oakley,1946,111.702
weber_r_nr_oakley,1947,120.994
weber_r_nr_oakley,1948,109.292
weber_r_nr_oakley,1949,126.727
weber_r_nr_oakley,1950,160.806
weber_r_nr_oakley,1951,132.719
weber_r_nr_oakley,1952,176.809
weber_r_nr_oakley,1953,105.004
weber_r_nr_oakley,1954,74.063
weber_r_nr_oakley,1955,88.142
weber_r_nr_oakley,1956,135.058
weber_r_nr_oakley,1957,139.271
weber_r_nr_oakley,1958,97.638
weber_r_nr_oakley,1959,82.772
weber_r_nr_oakley,1960,83.342
weber_r_nr_oakley,1961,42.98
weber_r_nr_oakley,1962,136.441
weber_r_nr_oakley,1963,93.691
weber_r_nr_oakley,1964,124.352
weber_r_nr_oakley,1965,165.81
weber_r_nr_oakley,1966,96.322
weber_r_nr_oakley,1967,151.491
weber_r_nr_oakley,1968,135.927
weber_r_nr_oakley,1969,146.619
weber_r_nr_oakley,1970,114.176
weber_r_nr_oakley,1971,142.758
weber_r_nr_oakley,1972,131.746
weber_r_nr_oakley,1973,112.965
weber_r_nr_oakley,1974,140.798
weber_r_nr_oakley,1975,159.451
weber_r_nr_oakley,1976,99.789
weber_r_nr_oakley,1977,36.579
weber_r_nr_oakley,1978,136.399
weber_r_nr_oakley,1979,91.262
weber_r_nr_oakley,1980,127.482
weber_r_nr_oakley,1981,94.643
weber_r_nr_oakley,1982,162.278
weber_r_nr_oakley,1983,177.264
weber_r_nr_oakley,1984,176.177
weber_r_nr_oakley,1985,134.384
weber_r_nr_oakley,1986,215.954
weber_r_nr_oakley,1987,70.564
weber_r_nr_oakley,1988,60.361
weber_r_nr_oakley,1989,84.294
weber_r_nr_oakley,1990,83.864
weber_r_nr_oakley,1991,94.505
weber_r_nr_oakley,1992,56.995
weber_r_nr_oakley,1993,171.902
weber_r_nr_oakley,1994,83.491
weber_r_nr_oakley,1995,174.672
weber_r_nr_oakley,1996,140.967
weber_r_nr_oakley,1997,161.36
weber_r_nr_oakley,1998,149.949
weber_r_nr_oakley,1999,136.02
weber_r_nr_oakley,2000,77.722
weber_r_nr_oakley,2001,71.89
weber_r_nr_oakley,2002,66.763
weber_r_nr_oakley,2003,85.367
weber_r_nr_oakley,2004,68.146
weber_r_nr_oakley,2006,123.278
weber_r_nr_oakley,2008,128.602
weber_r_nr_oakley,2010,109.105
weber_r_nr_oakley,2012,57.228
weber_r_nr_oakley,2014,94.502
weber_r_nr_oakley,2016,100.399
weber_r_nr_oakley,2018,62.97
weber_r_nr_oakley,2020,90.054
weber_r_nr_oakley,2022,92.535
san_joaquin_river_millerton_reservoir,1961,451.7
san_joaquin_river_millerton_reservoir,1962,1486.1
san_joaquin_river_millerton_reservoir,1963,1412.9
san_joaquin_river_millerton_reservoir,1964,643.1
san_joaquin_river_millerton_reservoir,1965,1421.4
san_joaquin_river_millerton_reservoir,1966,836.9
san_joaquin_river_millerton_reservoir,1967,2327.4
san_joaquin_river_millerton_reservoir,1968,552.5
san_joaquin_river_millerton_reservoir,1969,2898.5
san_joaquin_river_millerton_reservoir,1970,907.2
san_joaquin_river_millerton_reservoir,1971,970.4
san_joaquin_river_millerton_reservoir,1972,652.8
san_joaquin_river_millerton_reservoir,1973,1546.4
san_joaquin_river_millerton_reservoir,1974,1513.3
san_joaquin_river_millerton_reservoir,1975,1412.0
san_joaquin_river_millerton_reservoir,1976,349.9
san_joaquin_river_millerton_reservoir,1977,262.2
san_joaquin_river_millerton_reservoir,1978,2334.7
san_joaquin_river_millerton_reservoir,1979,1297.3
san_joaquin_river_millerton_reservoir,1980,1911.4
san_joaquin_river_millerton_reservoir,1981,783.5
san_joaquin_river_millerton_reservoir,1982,2295.1
san_joaquin_river_millerton_reservoir,1983,2860.5
san_joaquin_river_millerton_reservoir,1984,1114.7
san_joaquin_river_millerton_reservoir,1985,791.6
san_joaquin_river_millerton_reservoir,1986,1801.2
san_joaquin_river_millerton_reservoir,1987,553.9
san_joaquin_river_millerton_reservoir,1988,563.5
san_joaquin_river_millerton_reservoir,1989,668.1
san_joaquin_river_millerton_reservoir,1990,514.2
san_joaquin_river_millerton_reservoir,1991,831.6
san_joaquin_river_millerton_reservoir,1992,568.3
san_joaquin_river_millerton_reservoir,1993,1944.4
san_joaquin_river_millerton_reservoir,1994,602.4
san_joaquin_river_millerton_reservoir,1995,2617.3
san_joaquin_river_millerton_reservoir,1996,1518.0
san_joaquin_river_millerton_reservoir,1997,1292.5
san_joaquin_river_millerton_reservoir,1998,2305.3
san_joaquin_river_millerton_reservoir,1999,1070.3
san_joaquin_river_millerton_reservoir,2000,1250.9
san_joaquin_river_millerton_reservoir,2001,794.4
san_joaquin_river_millerton_reservoir,2002,847.3
san_joaquin_river_millerton_reservoir,2003,1060.3
san_joaquin_river_millerton_reservoir,2004,741.0
san_joaquin_river_millerton_reservoir,2006,2470.2
san_joaquin_river_millerton_reservoir,2008,824.6
san_joaquin_river_millerton_reservoir,2010,1535.2
san_joaquin_river_millerton_reservoir,2012,559.2
san_joaquin_river_millerton_reservoir,2014,376.2
san_joaquin_river_millerton_reservoir,2016,897.5
san_joaquin_river_millerton_reservoir,2018,947.7
san_joaquin_river_millerton_reservoir,2020,670.2
san_joaquin_river_millerton_reservoir,2022,527.8
merced_river_yosemite_at_pohono_bridge,1949,310.1
merced_river_yosemite_at_pohono_bridge,1950,354.6
merced_river_yosemite_at_pohono_bridge,1951,299.9
merced_river_yosemite_at_pohono_bridge,1952,611.9
merced_river_yosemite_at_pohono_bridge,1953,285.2
merced_river_yosemite_at_pohono_bridge,1954,292.7
merced_river_yosemite_at_pohono_bridge,1955,257.9
merced_river_yosemite_at_pohono_bridge,1956,561.9
merced_river_yosemite_at_pohono_bridge,1957,304.2
merced_river_yosemite_at_pohono_bridge,1958,541.7
merced_river_yosemite_at_pohono_bridge,1959,183.9
merced_river_yosemite_at_pohono_bridge,1960,212.7
merced_river_yosemite_at_pohono_bridge,1961,153.1
merced_river_yosemite_at_pohono_bridge,1962,413.2
merced_river_yosemite_at_pohono_bridge,1963,391.8
merced_river_yosemite_at_pohono_bridge,1964,200.9
merced_river_yosemite_at_pohono_bridge,1965,431.5
merced_river_yosemite_at_pohono_bridge,1966,252.3
merced_river_yosemite_at_pohono_bridge,1967,609.6
merced_river_yosemite_at_pohono_bridge,1968,174.9
merced_river_yosemite_at_pohono_bridge,1969,761.6
merced_river_yosemite_at_pohono_bridge,1970,298.2
merced_river_yosemite_at_pohono_bridge,1971,316.2
merced_river_yosemite_at_pohono_bridge,1972,236.7
merced_river_yosemite_at_pohono_bridge,1973,446.4
merced_river_yosemite_at_pohono_bridge,1974,427.6
merced_river_yosemite_at_pohono_bridge,1975,439.0
merced_river_yosemite_at_pohono_bridge,1976,98.7
merced_river_yosemite_at_pohono_bridge,1977,79.9
merced_river_yosemite_at_pohono_bridge,1978,600.9
merced_river_yosemite_at_pohono_bridge,1979,389.7
merced_river_yosemite_at_pohono_bridge,1980,521.0
merced_river_yosemite_at_pohono_bridge,1981,225.3
merced_river_yosemite_at_pohono_bridge,1982,635.4
merced_river_yosemite_at_pohono_bridge,1983,820.0
merced_river_yosemite_at_pohono_bridge,1984,379.6
merced_river_yosemite_at_pohono_bridge,1985,241.1
merced_river_yosemite_at_pohono_bridge,1986,507.3
merced_river_yosemite_at_pohono_bridge,1987,159.8
merced_river_yosemite_at_pohono_bridge,1988,170.3
merced_river_yosemite_at_pohono_bridge,1989,257.3
merced_river_yosemite_at_pohono_bridge,1990,168.9
merced_river_yosemite_at_pohono_bridge,1991,264.8
merced_river_yosemite_at_pohono_bridge,1992,184.5
merced_river_yosemite_at_pohono_bridge,1993,556.2
merced_river_yosemite_at_pohono_bridge,1994,158.8
merced_river_yosemite_at_pohono_bridge,1995,768.2
merced_river_yosemite_at_pohono_bridge,1996,445.7
merced_river_yosemite_at_pohono_bridge,1997,393.2
merced_river_yosemite_at_pohono_bridge,1998,660.6
merced_river_yosemite_at_pohono_bridge,1999,375.5
merced_river_yosemite_at_pohono_bridge,2000,403.5
merced_river_yosemite_at_pohono_bridge,2001,239.5
merced_river_yosemite_at_pohono_bridge,2002,312.6
merced_river_yosemite_at_pohono_bridge,2003,372.6
merced_river_yosemite_at_pohono_bridge,2004,248.4
merced_river_yosemite_at_pohono_bridge,2006,667.5
merced_river_yosemite_at_pohono_bridge,2008,295.5
merced_river_yosemite_at_pohono_bridge,2010,447.2
merced_river_yosemite_at_pohono_bridge,2012,191.4
merced_river_yosemite_at_pohono_bridge,2014,146.8
merced_river_yosemite_at_pohono_bridge,2016,363.3
merced_river_yosemite_at_pohono_bridge,2018,304.9
merced_river_yosemite_at_pohono_bridge,2020,197.8
merced_river_yosemite_at_pohono_bridge,2022,183.9
american_river_folsom_lake,1949,1202.0
american_river_folsom_lake,1950,1566.8
american_river_folsom_lake,1951,1069.4
american_river_folsom_lake,1952,2835.9
american_river_folsom_lake,1953,1614.9
american_river_folsom_lake,1954,1035.9
american_river_folsom_lake,1955,932.1
american_river_folsom_lake,1956,1678.4
american_river_folsom_lake,1957,1176.3
american_river_folsom_lake,1958,2537.7
american_river_folsom_lake,1959,532.6
american_river_folsom_lake,1960,744.0
american_river_folsom_lake,1961,590.2
american_river_folsom_lake,1962,1210.7
american_river_folsom_lake,1963,1749.8
american_river_folsom_lake,1964,885.0
american_river_folsom_lake,1965,1548.6
american_river_folsom_lake,1966,701.8
american_river_folsom_lake,1967,2326.6
american_river_folsom_lake,1968,599.5
american_river_folsom_lake,1969,2191.8
american_river_folsom_lake,1970,808.0
american_river_folsom_lake,1971,1496.5
american_river_folsom_lake,1972,882.5
american_river_folsom_lake,1973,1271.1
american_river_folsom_lake,1974,1731.7
american_river_folsom_lake,1975,1660.8
american_river_folsom_lake,1976,253.9
american_river_folsom_lake,1977,182.1
american_river_folsom_lake,1978,1573.3
american_river_folsom_lake,1979,1198.9
american_river_folsom_lake,1980,1294.2
american_river_folsom_lake,1981,515.2
american_river_folsom_lake,1982,2451.4
american_river_folsom_lake,1983,2931.1
american_river_folsom_lake,1984,1058.8
american_river_folsom_lake,1985,758.1
american_river_folsom_lake,1986,1047.7
american_river_folsom_lake,1987,364.0
american_river_folsom_lake,1988,276.6
american_river_folsom_lake,1989,1026.0
american_river_folsom_lake,1990,532.1
american_river_folsom_lake,1991,784.5
american_river_folsom_lake,1992,330.0
american_river_folsom_lake,1993,1631.7
american_river_folsom_lake,1994,361.7
american_river_folsom_lake,1995,2690.2
american_river_folsom_lake,1996,1635.9
american_river_folsom_lake,1997,802.5
american_river_folsom_lake,1998,2267.6
american_river_folsom_lake,1999,1549.1
american_river_folsom_lake,2000,1079.5
american_river_folsom_lake,2001,553.8
american_river_folsom_lake,2002,966.0
american_river_folsom_lake,2003,1348.3
american_river_folsom_lake,2004,651.2
american_river_folsom_lake,2006,2595.9
american_river_folsom_lake,2008,641.9
american_river_folsom_lake,2010,1481.6
american_river_folsom_lake,2012,984.5
american_river_folsom_lake,2014,415.4
american_river_folsom_lake,2016,917.1
american_river_folsom_lake,2018,1071.7
american_river_folsom_lake,2020,886.1
american_river_folsom_lake,2022,757.1
colville_r_at_kettle_falls,1923,107.348
colville_r_at_kettle_falls,1924,30.698
colville_r_at_kettle_falls,1925,103.039
colville_r_at_kettle_falls,1926,25.992
colville_r_at_kettle_falls,1927,145.952
colville_r_at_kettle_falls,1928,150.234
colville_r_at_kettle_falls,1929,39.052
colville_r_at_kettle_falls,1930,20.249
colville_r_at_kettle_falls,1931,23.718
colville_r_at_kettle_falls,1932,172.068
colville_r_at_kettle_falls,1933,138.591
colville_r_at_kettle_falls,1934,83.548
colville_r_at_kettle_falls,1935,128.533
colville_r_at_kettle_falls,1936,58.152
colville_r_at_kettle_falls,1937,74.349
colville_r_at_kettle_falls,1938,201.791
colville_r_at_kettle_falls,1939,57.271
colville_r_at_kettle_falls,1940,102.502
colville_r_at_kettle_falls,1941,96.567
colville_r_at_kettle_falls,1942,166.881
colville_r_at_kettle_falls,1943,103.684
colville_r_at_kettle_falls,1944,48.254
colville_r_at_kettle_falls,1945,117.18
colville_r_at_kettle_falls,1946,158.661
colville_r_at_kettle_falls,1947,66.113
colville_r_at_kettle_falls,1948,249.914
colville_r_at_kettle_falls,1949,156.901
colville_r_at_kettle_falls,1950,165.398
colville_r_at_kettle_falls,1951,209.111
colville_r_at_kettle_falls,1952,216.292
colville_r_at_kettle_falls,1953,137.966
colville_r_at_kettle_falls,1954,112.369
colville_r_at_kettle_falls,1955,127.954
colville_r_at_kettle_falls,1956,231.401
colville_r_at_kettle_falls,1957,113.117
colville_r_at_kettle_falls,1958,166.199
colville_r_at_kettle_falls,1959,164.72
colville_r_at_kettle_falls,1960,197.381
colville_r_at_kettle_falls,1961,216.958
colville_r_at_kettle_falls,1962,114.87
colville_r_at_kettle_falls,1963,103.571
colville_r_at_kettle_falls,1964,82.468
colville_r_at_kettle_falls,1965,153.677
colville_r_at_kettle_falls,1966,73.034
colville_r_at_kettle_falls,1967,122.61
colville_r_at_kettle_falls,1968,54.197
colville_r_at_kettle_falls,1969,256.155
colville_r_at_kettle_falls,1970,85.496
colville_r_at_kettle_falls,1971,157.654
colville_r_at_kettle_falls,1972,102.782
colville_r_at_kettle_falls,1973,50.362
colville_r_at_kettle_falls,1974,269.091
colville_r_at_kettle_falls,1975,203.37
colville_r_at_kettle_falls,1976,106.331
colville_r_at_kettle_falls,1977,21.662
colville_r_at_kettle_falls,1978,124.895
colville_r_at_kettle_falls,1979,57.906
colville_r_at_kettle_falls,1980,105.303
colville_r_at_kettle_falls,1981,110.735
colville_r_at_kettle_falls,1982,146.102
colville_r_at_kettle_falls,1983,163.081
colville_r_at_kettle_falls,1984,222.072
colville_r_at_kettle_falls,1985,89.039
colville_r_at_kettle_falls,1986,71.65
colville_r_at_kettle_falls,1987,64.818
colville_r_at_kettle_falls,1988,50.693
colville_r_at_kettle_falls,1989,95.956
colville_r_at_kettle_falls,1990,117.134
colville_r_at_kettle_falls,1991,105.81
colville_r_at_kettle_falls,1992,35.918
colville_r_at_kettle_falls,1993,100.924
colville_r_at_kettle_falls,1994,75.028
colville_r_at_kettle_falls,1995,121.468
colville_r_at_kettle_falls,1996,174.825
colville_r_at_kettle_falls,1997,309.711
colville_r_at_kettle_falls,1998,196.464
colville_r_at_kettle_falls,1999,221.525
colville_r_at_kettle_falls,2000,179.222
colville_r_at_kettle_falls,2001,47.165
colville_r_at_kettle_falls,2002,131.286
colville_r_at_kettle_falls,2003,121.225
colville_r_at_kettle_falls,2004,46.387
colville_r_at_kettle_falls,2006,166.286
colville_r_at_kettle_falls,2008,107.061
colville_r_at_kettle_falls,2010,85.763
colville_r_at_kettle_falls,2012,221.297
colville_r_at_kettle_falls,2014,94.749
colville_r_at_kettle_falls,2016,107.825
colville_r_at_kettle_falls,2018,199.14
colville_r_at_kettle_falls,2020,138.204
colville_r_at_kettle_falls,2022,110.502
stehekin_r_at_stehekin,1911,892.641
stehekin_r_at_stehekin,1912,685.418
stehekin_r_at_stehekin,1913,777.49
stehekin_r_at_stehekin,1914,707.227
stehekin_r_at_stehekin,1915,421.925
stehekin_r_at_stehekin,1916,
stehekin_r_at_stehekin,1917,
stehekin_r_at_stehekin,1918,
stehekin_r_at_stehekin,1919,
stehekin_r_at_stehekin,1920,
stehekin_r_at_stehekin,1921,
stehekin_r_at_stehekin,1922,
stehekin_r_at_stehekin,1923,
stehekin_r_at_stehekin,1924,
stehekin_r_at_stehekin,1925,
stehekin_r_at_stehekin,1926,
stehekin_r_at_stehekin,1927,697.359
stehekin_r_at_stehekin,1928,722.896
stehekin_r_at_stehekin,1929,503.517
stehekin_r_at_stehekin,1930,548.867
stehekin_r_at_stehekin,1931,614.422
stehekin_r_at_stehekin,1932,724.066
stehekin_r_at_stehekin,1933,767.417
stehekin_r_at_stehekin,1934,881.018
stehekin_r_at_stehekin,1935,720.235
stehekin_r_at_stehekin,1936,697.49
stehekin_r_at_stehekin,1937,678.302
stehekin_r_at_stehekin,1938,813.353
stehekin_r_at_stehekin,1939,621.639
stehekin_r_at_stehekin,1940,620.982
stehekin_r_at_stehekin,1941,474.056
stehekin_r_at_stehekin,1942,557.621
stehekin_r_at_stehekin,1943,798.544
stehekin_r_at_stehekin,1944,462.92
stehekin_r_at_stehekin,1945,566.278
stehekin_r_at_stehekin,1946,820.522
stehekin_r_at_stehekin,1947,687.186
stehekin_r_at_stehekin,1948,817.823
stehekin_r_at_stehekin,1949,786.027
stehekin_r_at_stehekin,1950,1008.975
stehekin_r_at_stehekin,1951,892.595
stehekin_r_at_stehekin,1952,665.304
stehekin_r_at_stehekin,1953,723.015
stehekin_r_at_stehekin,1954,888.675
stehekin_r_at_stehekin,1955,708.798
stehekin_r_at_stehekin,1956,1009.055
stehekin_r_at_stehekin,1957,753.314
stehekin_r_at_stehekin,1958,756.759
stehekin_r_at_stehekin,1959,880.779
stehekin_r_at_stehekin,1960,756.06
stehekin_r_at_stehekin,1961,874.354
stehekin_r_at_stehekin,1962,628.655
stehekin_r_at_stehekin,1963,577.523
stehekin_r_at_stehekin,1964,814.943
stehekin_r_at_stehekin,1965,701.159
stehekin_r_at_stehekin,1966,636.574
stehekin_r_at_stehekin,1967,868.124
stehekin_r_at_stehekin,1968,735.13
stehekin_r_at_stehekin,1969,853.25
stehekin_r_at_stehekin,1970,589.29
stehekin_r_at_stehekin,1971,926.845
stehekin_r_at_stehekin,1972,1043.56
stehekin_r_at_stehekin,1973,447.314
stehekin_r_at_stehekin,1974,995.917
stehekin_r_at_stehekin,1975,796.223
stehekin_r_at_stehekin,1976,786.759
stehekin_r_at_stehekin,1977,382.111
stehekin_r_at_stehekin,1978,749.534
stehekin_r_at_stehekin,1979,477.504
stehekin_r_at_stehekin,1980,661.368
stehekin_r_at_stehekin,1981,543.071
stehekin_r_at_stehekin,1982,799.617
stehekin_r_at_stehekin,1983,718.256
stehekin_r_at_stehekin,1984,613.17
stehekin_r_at_stehekin,1985,630.389
stehekin_r_at_stehekin,1986,595.797
stehekin_r_at_stehekin,1987,655.976
stehekin_r_at_stehekin,1988,646.881
stehekin_r_at_stehekin,1989,608.201
stehekin_r_at_stehekin,1990,670.611
stehekin_r_at_stehekin,1991,789.204
stehekin_r_at_stehekin,1992,589.864
stehekin_r_at_stehekin,1993,578.873
stehekin_r_at_stehekin,1994,534.676
stehekin_r_at_stehekin,1995,772.24
stehekin_r_at_stehekin,1996,747.899
stehekin_r_at_stehekin,1997,1031.058
stehekin_r_at_stehekin,1998,704.332
stehekin_r_at_stehekin,1999,853.361
stehekin_r_at_stehekin,2000,716.202
stehekin_r_at_stehekin,2001,456.027
stehekin_r_at_stehekin,2002,924.205
stehekin_r_at_stehekin,2003,582.425
stehekin_r_at_stehekin,2004,633.009
stehekin_r_at_stehekin,2006,863.782
stehekin_r_at_stehekin,2008,714.274
stehekin_r_at_stehekin,2010,679.153
stehekin_r_at_stehekin,2012,918.803
stehekin_r_at_stehekin,2014,775.038
stehekin_r_at_stehekin,2016,772.304
stehekin_r_at_stehekin,2018,753.892
stehekin_r_at_stehekin,2020,666.539
stehekin_r_at_stehekin,2022,723.491
detroit_lake_inflow,1909,
detroit_lake_inflow,1910,
detroit_lake_inflow,1911,
detroit_lake_inflow,1912,
detroit_lake_inflow,1913,
detroit_lake_inflow,1914,
detroit_lake_inflow,1915,
detroit_lake_inflow,1916,
detroit_lake_inflow,1917,
detroit_lake_inflow,1918,
detroit_lake_inflow,1919,
detroit_lake_inflow,1920,
detroit_lake_inflow,1921,
detroit_lake_inflow,1922,
detroit_lake_inflow,1923,
detroit_lake_inflow,1924,
detroit_lake_inflow,1925,
detroit_lake_inflow,1926,
detroit_lake_inflow,1927,
detroit_lake_inflow,1928,
detroit_lake_inflow,1929,
detroit_lake_inflow,1930,
detroit_lake_inflow,1931,
detroit_lake_inflow,1932,
detroit_lake_inflow,1933,
detroit_lake_inflow,1934,
detroit_lake_inflow,1935,
detroit_lake_inflow,1936,
detroit_lake_inflow,1937,
detroit_lake_inflow,1938,
detroit_lake_inflow,1939,
detroit_lake_inflow,1940,
detroit_lake_inflow,1941,
detroit_lake_inflow,1942,
detroit_lake_inflow,1943,
detroit_lake_inflow,1944,
detroit_lake_inflow,1945,
detroit_lake_inflow,1946,
detroit_lake_inflow,1947,
detroit_lake_inflow,1948,
detroit_lake_inflow,1949,
detroit_lake_inflow,1950,
detroit_lake_inflow,1951,
detroit_lake_inflow,1952,
detroit_lake_inflow,1953,
detroit_lake_inflow,1954,
detroit_lake_inflow,1955,
detroit_lake_inflow,1956,
detroit_lake_inflow,1957,
detroit_lake_inflow,1958,
detroit_lake_inflow,1959,
detroit_lake_inflow,1960,
detroit_lake_inflow,1961,
detroit_lake_inflow,1962,
detroit_lake_inflow,1963,
detroit_lake_inflow,1964,
detroit_lake_inflow,1965,
detroit_lake_inflow,1966,
detroit_lake_inflow,1967,
detroit_lake_inflow,1968,
detroit_lake_inflow,1969,
detroit_lake_inflow,1970,
detroit_lake_inflow,1971,
detroit_lake_inflow,1972,630.0
detroit_lake_inflow,1973,269.9
detroit_lake_inflow,1974,737.9
detroit_lake_inflow,1975,474.8
detroit_lake_inflow,1976,545.9
detroit_lake_inflow,1977,395.5
detroit_lake_inflow,1978,311.5
detroit_lake_inflow,1979,431.8
detroit_lake_inflow,1980,351.2
detroit_lake_inflow,1981,408.305
detroit_lake_inflow,1982,475.877
detroit_lake_inflow,1983,405.05
detroit_lake_inflow,1984,549.625
detroit_lake_inflow,1985,575.247
detroit_lake_inflow,1986,320.421
detroit_lake_inflow,1987,277.171
detroit_lake_inflow,1988,508.203
detroit_lake_inflow,1989,472.527
detroit_lake_inflow,1990,512.116
detroit_lake_inflow,1991,404.305
detroit_lake_inflow,1992,281.029
detroit_lake_inflow,1993,634.558
detroit_lake_inflow,1994,321.689
detroit_lake_inflow,1995,399.729
detroit_lake_inflow,1996,527.919
detroit_lake_inflow,1997,518.546
detroit_lake_inflow,1998,388.847
detroit_lake_inflow,1999,637.981
detroit_lake_inflow,2000,496.135
detroit_lake_inflow,2001,332.232
detroit_lake_inflow,2002,641.32
detroit_lake_inflow,2003,390.352
detroit_lake_inflow,2004,376.848
detroit_lake_inflow,2006,452.892
detroit_lake_inflow,2008,820.905
detroit_lake_inflow,2010,586.088
detroit_lake_inflow,2012,700.023
detroit_lake_inflow,2014,465.4
detroit_lake_inflow,2016,293.735
detroit_lake_inflow,2018,416.82
detroit_lake_inflow,2020,418.591
detroit_lake_inflow,2022,700.281
virgin_r_at_virtin,1909,
virgin_r_at_virtin,1910,69.914
virgin_r_at_virtin,1911,144.909
virgin_r_at_virtin,1912,64.902
virgin_r_at_virtin,1913,55.152
virgin_r_at_virtin,1914,119.944
virgin_r_at_virtin,1915,109.372
virgin_r_at_virtin,1916,129.341
virgin_r_at_virtin,1917,86.513
virgin_r_at_virtin,1918,67.514
virgin_r_at_virtin,1919,52.276
virgin_r_at_virtin,1920,79.546
virgin_r_at_virtin,1921,54.672
virgin_r_at_virtin,1922,161.943
virgin_r_at_virtin,1923,92.985
virgin_r_at_virtin,1924,34.641
virgin_r_at_virtin,1925,38.523
virgin_r_at_virtin,1926,77.661
virgin_r_at_virtin,1927,60.912
virgin_r_at_virtin,1928,37.031
virgin_r_at_virtin,1929,54.971
virgin_r_at_virtin,1930,51.675
virgin_r_at_virtin,1931,23.513
virgin_r_at_virtin,1932,141.382
virgin_r_at_virtin,1933,48.47
virgin_r_at_virtin,1934,21.947
virgin_r_at_virtin,1935,77.423
virgin_r_at_virtin,1936,49.441
virgin_r_at_virtin,1937,135.503
virgin_r_at_virtin,1938,108.104
virgin_r_at_virtin,1939,38.932
virgin_r_at_virtin,1940,41.331
virgin_r_at_virtin,1941,157.443
virgin_r_at_virtin,1942,86.685
virgin_r_at_virtin,1943,52.578
virgin_r_at_virtin,1944,78.01
virgin_r_at_virtin,1945,54.879
virgin_r_at_virtin,1946,27.287
virgin_r_at_virtin,1947,42.992
virgin_r_at_virtin,1948,38.699
virgin_r_at_virtin,1949,61.888
virgin_r_at_virtin,1950,39.793
virgin_r_at_virtin,1951,24.987
virgin_r_at_virtin,1952,135.221
virgin_r_at_virtin,1953,26.769
virgin_r_at_virtin,1954,50.121
virgin_r_at_virtin,1955,29.123
virgin_r_at_virtin,1956,25.74
virgin_r_at_virtin,1957,44.728
virgin_r_at_virtin,1958,113.861
virgin_r_at_virtin,1959,21.763
virgin_r_at_virtin,1960,25.701
virgin_r_at_virtin,1961,21.824
virgin_r_at_virtin,1962,62.708
virgin_r_at_virtin,1963,21.36
virgin_r_at_virtin,1964,42.381
virgin_r_at_virtin,1965,69.538
virgin_r_at_virtin,1966,45.35
virgin_r_at_virtin,1967,59.599
virgin_r_at_virtin,1968,62.079
virgin_r_at_virtin,1969,150.323
virgin_r_at_virtin,1970,30.714
virgin_r_at_virtin,1971,34.544
virgin_r_at_virtin,1972,
virgin_r_at_virtin,1973,
virgin_r_at_virtin,1974,
virgin_r_at_virtin,1975,
virgin_r_at_virtin,1976,
virgin_r_at_virtin,1977,
virgin_r_at_virtin,1978,
virgin_r_at_virtin,1979,178.159
virgin_r_at_virtin,1980,145.573
virgin_r_at_virtin,1981,48.139
virgin_r_at_virtin,1982,57.316
virgin_r_at_virtin,1983,171.951
virgin_r_at_virtin,1984,44.944
virgin_r_at_virtin,1985,76.056
virgin_r_at_virtin,1986,42.131
virgin_r_at_virtin,1987,39.548
virgin_r_at_virtin,1988,60.143
virgin_r_at_virtin,1989,23.983
virgin_r_at_virtin,1990,22.127
virgin_r_at_virtin,1991,29.806
virgin_r_at_virtin,1992,41.475
virgin_r_at_virtin,1993,150.5
virgin_r_at_virtin,1994,35.411
virgin_r_at_virtin,1995,121.105
virgin_r_at_virtin,1996,21.827
virgin_r_at_virtin,1997,29.838
virgin_r_at_virtin,1998,109.363
virgin_r_at_virtin,1999,35.61
virgin_r_at_virtin,2000,35.612
virgin_r_at_virtin,2001,42.795
virgin_r_at_virtin,2002,15.568
virgin_r_at_virtin,2003,23.712
virgin_r_at_virtin,2004,28.766
virgin_r_at_virtin,2006,56.295
virgin_r_at_virtin,2008,35.453
virgin_r_at_virtin,2010,72.831
virgin_r_at_virtin,2012,26.435
virgin_r_at_virtin,2014,18.125
virgin_r_at_virtin,2016,42.343
virgin_r_at_virtin,2018,20.75
virgin_r_at_virtin,2020,39.148
virgin_r_at_virtin,2022,22.236
skagit_ross_reservoir,1948,
skagit_ross_reservoir,1949,1475.0
skagit_ross_reservoir,1950,1770.81
skagit_ross_reservoir,1951,1879.64
skagit_ross_reservoir,1952,1170.52
skagit_ross_reservoir,1953,997.44
skagit_ross_reservoir,1954,1431.77
skagit_ross_reservoir,1955,1161.19
skagit_ross_reservoir,1956,1771.42
skagit_ross_reservoir,1957,1206.57
skagit_ross_reservoir,1958,1149.62
skagit_ross_reservoir,1959,1535.0500000000002
skagit_ross_reservoir,1960,1171.31
skagit_ross_reservoir,1961,1327.86
skagit_ross_reservoir,1962,940.14
skagit_ross_reservoir,1963,934.21
skagit_ross_reservoir,1964,1444.94
skagit_ross_reservoir,1965,1109.53
skagit_ross_reservoir,1966,1042.36
skagit_ross_reservoir,1967,1457.18
skagit_ross_reservoir,1968,1270.15
skagit_ross_reservoir,1969,1345.99
skagit_ross_reservoir,1970,835.97
skagit_ross_reservoir,1971,2115.49
skagit_ross_reservoir,1972,2573.68
skagit_ross_reservoir,1973,1047.49
skagit_ross_reservoir,1974,2164.64
skagit_ross_reservoir,1975,1613.77
skagit_ross_reservoir,1976,1900.29
skagit_ross_reservoir,1977,871.54
skagit_ross_reservoir,1978,1319.87
skagit_ross_reservoir,1979,1064.23
skagit_ross_reservoir,1980,1382.9300000000003
skagit_ross_reservoir,1981,1093.93
skagit_ross_reservoir,1982,1739.5
skagit_ross_reservoir,1983,1416.0
skagit_ross_reservoir,1984,1220.92
skagit_ross_reservoir,1985,1397.4599999999998
skagit_ross_reservoir,1986,1293.12
skagit_ross_reservoir,1987,1335.18
skagit_ross_reservoir,1988,1453.44
skagit_ross_reservoir,1989,1399.2
skagit_ross_reservoir,1990,1477.25
skagit_ross_reservoir,1991,1956.59
skagit_ross_reservoir,1992,1022.87
skagit_ross_reservoir,1993,1071.37
skagit_ross_reservoir,1994,1080.15
skagit_ross_reservoir,1995,1335.76
skagit_ross_reservoir,1996,1301.15
skagit_ross_reservoir,1997,2123.0600000000004
skagit_ross_reservoir,1998,1180.11
skagit_ross_reservoir,1999,1954.01
skagit_ross_reservoir,2000,1383.16
skagit_ross_reservoir,2001,789.8399999999999
skagit_ross_reservoir,2002,1874.89
skagit_ross_reservoir,2003,1088.3100000000002
skagit_ross_reservoir,2004,1145.39
skagit_ross_reservoir,2006,1282.09
skagit_ross_reservoir,2008,1400.64
skagit_ross_reservoir,2010,1195.37
skagit_ross_reservoir,2012,1911.0
skagit_ross_reservoir,2014,1590.89
skagit_ross_reservoir,2016,1248.1
skagit_ross_reservoir,2018,1345.61
skagit_ross_reservoir,2020,1522.74
skagit_ross_reservoir,2022,1498.96
boysen_reservoir_inflow,1951,
boysen_reservoir_inflow,1952,878.203
boysen_reservoir_inflow,1953,557.497
boysen_reservoir_inflow,1954,606.072
boysen_reservoir_inflow,1955,392.725
boysen_reservoir_inflow,1956,918.062
boysen_reservoir_inflow,1957,1182.167
boysen_reservoir_inflow,1958,612.371
boysen_reservoir_inflow,1959,453.866
boysen_reservoir_inflow,1960,211.066
boysen_reservoir_inflow,1961,405.571
boysen_reservoir_inflow,1962,848.57
boysen_reservoir_inflow,1963,760.939
boysen_reservoir_inflow,1964,775.904
boysen_reservoir_inflow,1965,1192.703
boysen_reservoir_inflow,1966,271.354
boysen_reservoir_inflow,1967,1350.022
boysen_reservoir_inflow,1968,662.989
boysen_reservoir_inflow,1969,684.312
boysen_reservoir_inflow,1970,619.333
boysen_reservoir_inflow,1971,1155.215
boysen_reservoir_inflow,1972,887.466
boysen_reservoir_inflow,1973,715.018
boysen_reservoir_inflow,1974,831.8
boysen_reservoir_inflow,1975,903.427
boysen_reservoir_inflow,1976,675.585
boysen_reservoir_inflow,1977,203.777
boysen_reservoir_inflow,1978,888.574
boysen_reservoir_inflow,1979,448.0
boysen_reservoir_inflow,1980,843.199
boysen_reservoir_inflow,1981,494.17
boysen_reservoir_inflow,1982,700.392
boysen_reservoir_inflow,1983,1073.62
boysen_reservoir_inflow,1984,729.572
boysen_reservoir_inflow,1985,352.166
boysen_reservoir_inflow,1986,1095.582
boysen_reservoir_inflow,1987,561.749
boysen_reservoir_inflow,1988,237.104
boysen_reservoir_inflow,1989,520.579
boysen_reservoir_inflow,1990,383.507
boysen_reservoir_inflow,1991,973.964
boysen_reservoir_inflow,1992,325.746
boysen_reservoir_inflow,1993,719.151
boysen_reservoir_inflow,1994,217.504
boysen_reservoir_inflow,1995,1234.965
boysen_reservoir_inflow,1996,766.165
boysen_reservoir_inflow,1997,989.785
boysen_reservoir_inflow,1998,854.623
boysen_reservoir_inflow,1999,1213.919
boysen_reservoir_inflow,2000,316.372
boysen_reservoir_inflow,2001,110.384
boysen_reservoir_inflow,2002,225.458
boysen_reservoir_inflow,2003,317.231
boysen_reservoir_inflow,2004,398.2
boysen_reservoir_inflow,2006,241.327
boysen_reservoir_inflow,2008,613.352
boysen_reservoir_inflow,2010,922.02
boysen_reservoir_inflow,2012,272.985
boysen_reservoir_inflow,2014,744.05
boysen_reservoir_inflow,2016,800.103
boysen_reservoir_inflow,2018,1051.586
boysen_reservoir_inflow,2020,500.889
boysen_reservoir_inflow,2022,539.743
pecos_r_nr_pecos,1920,85.841
pecos_r_nr_pecos,1921,
pecos_r_nr_pecos,1922,
pecos_r_nr_pecos,1923,51.192
pecos_r_nr_pecos,1924,66.693
pecos_r_nr_pecos,1925,
pecos_r_nr_pecos,1926,
pecos_r_nr_pecos,1927,
pecos_r_nr_pecos,1928,
pecos_r_nr_pecos,1929,
pecos_r_nr_pecos,1930,36.171
pecos_r_nr_pecos,1931,52.779
pecos_r_nr_pecos,1932,72.611
pecos_r_nr_pecos,1933,29.724
pecos_r_nr_pecos,1934,14.854
pecos_r_nr_pecos,1935,62.638
pecos_r_nr_pecos,1936,45.545
pecos_r_nr_pecos,1937,74.511
pecos_r_nr_pecos,1938,28.822
pecos_r_nr_pecos,1939,43.771
pecos_r_nr_pecos,1940,47.028
pecos_r_nr_pecos,1941,153.585
pecos_r_nr_pecos,1942,98.874
pecos_r_nr_pecos,1943,39.997
pecos_r_nr_pecos,1944,63.86
pecos_r_nr_pecos,1945,61.409
pecos_r_nr_pecos,1946,18.354
pecos_r_nr_pecos,1947,34.337
pecos_r_nr_pecos,1948,67.321
pecos_r_nr_pecos,1949,72.398
pecos_r_nr_pecos,1950,11.475
pecos_r_nr_pecos,1951,13.499
pecos_r_nr_pecos,1952,65.668
pecos_r_nr_pecos,1953,40.559
pecos_r_nr_pecos,1954,21.5
pecos_r_nr_pecos,1955,32.662
pecos_r_nr_pecos,1956,11.984
pecos_r_nr_pecos,1957,44.684
pecos_r_nr_pecos,1958,106.563
pecos_r_nr_pecos,1959,27.099
pecos_r_nr_pecos,1960,60.28
pecos_r_nr_pecos,1961,53.567
pecos_r_nr_pecos,1962,47.81
pecos_r_nr_pecos,1963,25.867
pecos_r_nr_pecos,1964,24.296
pecos_r_nr_pecos,1965,60.255
pecos_r_nr_pecos,1966,40.699
pecos_r_nr_pecos,1967,14.296
pecos_r_nr_pecos,1968,47.289
pecos_r_nr_pecos,1969,48.218
pecos_r_nr_pecos,1970,30.349
pecos_r_nr_pecos,1971,13.822
pecos_r_nr_pecos,1972,20.198
pecos_r_nr_pecos,1973,117.057
pecos_r_nr_pecos,1974,17.994
pecos_r_nr_pecos,1975,53.921
pecos_r_nr_pecos,1976,32.319
pecos_r_nr_pecos,1977,25.101
pecos_r_nr_pecos,1978,39.425
pecos_r_nr_pecos,1979,130.96
pecos_r_nr_pecos,1980,60.52
pecos_r_nr_pecos,1981,14.869
pecos_r_nr_pecos,1982,42.879
pecos_r_nr_pecos,1983,97.265
pecos_r_nr_pecos,1984,60.093
pecos_r_nr_pecos,1985,101.531
pecos_r_nr_pecos,1986,60.687
pecos_r_nr_pecos,1987,73.139
pecos_r_nr_pecos,1988,40.79
pecos_r_nr_pecos,1989,31.772
pecos_r_nr_pecos,1990,34.869
pecos_r_nr_pecos,1991,70.813
pecos_r_nr_pecos,1992,79.392
pecos_r_nr_pecos,1993,83.425
pecos_r_nr_pecos,1994,71.476
pecos_r_nr_pecos,1995,99.722
pecos_r_nr_pecos,1996,17.337
pecos_r_nr_pecos,1997,110.037
pecos_r_nr_pecos,1998,64.383
pecos_r_nr_pecos,1999,56.555
pecos_r_nr_pecos,2000,19.816
pecos_r_nr_pecos,2001,52.882
pecos_r_nr_pecos,2002,8.802
pecos_r_nr_pecos,2003,34.506
pecos_r_nr_pecos,2004,41.716
pecos_r_nr_pecos,2006,12.563
pecos_r_nr_pecos,2008,55.813
pecos_r_nr_pecos,2010,60.785
pecos_r_nr_pecos,2012,40.411
pecos_r_nr_pecos,2014,24.35
pecos_r_nr_pecos,2016,48.145
pecos_r_nr_pecos,2018,7.7
pecos_r_nr_pecos,2020,40.092
pecos_r_nr_pecos,2022,37.748
owyhee_r_bl_owyhee_dam,1929,
owyhee_r_bl_owyhee_dam,1930,
owyhee_r_bl_owyhee_dam,1931,
owyhee_r_bl_owyhee_dam,1932,
owyhee_r_bl_owyhee_dam,1933,255.5
owyhee_r_bl_owyhee_dam,1934,51.9
owyhee_r_bl_owyhee_dam,1935,50.6
owyhee_r_bl_owyhee_dam,1936,460.2
owyhee_r_bl_owyhee_dam,1937,242.4
owyhee_r_bl_owyhee_dam,1938,
owyhee_r_bl_owyhee_dam,1939,200.9
owyhee_r_bl_owyhee_dam,1940,180.484
owyhee_r_bl_owyhee_dam,1941,252.389
owyhee_r_bl_owyhee_dam,1942,661.6
owyhee_r_bl_owyhee_dam,1943,479.366
owyhee_r_bl_owyhee_dam,1944,271.405
owyhee_r_bl_owyhee_dam,1945,620.81
owyhee_r_bl_owyhee_dam,1946,423.517
owyhee_r_bl_owyhee_dam,1947,146.943
owyhee_r_bl_owyhee_dam,1948,283.674
owyhee_r_bl_owyhee_dam,1949,445.635
owyhee_r_bl_owyhee_dam,1950,303.005
owyhee_r_bl_owyhee_dam,1951,402.288
owyhee_r_bl_owyhee_dam,1952,1475.66
owyhee_r_bl_owyhee_dam,1953,293.169
owyhee_r_bl_owyhee_dam,1954,73.618
owyhee_r_bl_owyhee_dam,1955,238.803
owyhee_r_bl_owyhee_dam,1956,357.794
owyhee_r_bl_owyhee_dam,1957,500.145
owyhee_r_bl_owyhee_dam,1958,609.5
owyhee_r_bl_owyhee_dam,1959,70.32
owyhee_r_bl_owyhee_dam,1960,153.713
owyhee_r_bl_owyhee_dam,1961,86.365
owyhee_r_bl_owyhee_dam,1962,331.889
owyhee_r_bl_owyhee_dam,1963,249.134
owyhee_r_bl_owyhee_dam,1964,520.47
owyhee_r_bl_owyhee_dam,1965,375.962
owyhee_r_bl_owyhee_dam,1966,87.396
owyhee_r_bl_owyhee_dam,1967,324.946
owyhee_r_bl_owyhee_dam,1968,54.067
owyhee_r_bl_owyhee_dam,1969,717.586
owyhee_r_bl_owyhee_dam,1970,283.461
owyhee_r_bl_owyhee_dam,1971,483.402
owyhee_r_bl_owyhee_dam,1972,334.337
owyhee_r_bl_owyhee_dam,1973,249.388
owyhee_r_bl_owyhee_dam,1974,388.063
owyhee_r_bl_owyhee_dam,1975,832.249
owyhee_r_bl_owyhee_dam,1976,447.515
owyhee_r_bl_owyhee_dam,1977,77.258
owyhee_r_bl_owyhee_dam,1978,382.077
owyhee_r_bl_owyhee_dam,1979,346.271
owyhee_r_bl_owyhee_dam,1980,356.598
owyhee_r_bl_owyhee_dam,1981,140.291
owyhee_r_bl_owyhee_dam,1982,490.544
owyhee_r_bl_owyhee_dam,1983,863.094
owyhee_r_bl_owyhee_dam,1984,1778.656
owyhee_r_bl_owyhee_dam,1985,414.443
owyhee_r_bl_owyhee_dam,1986,420.215
owyhee_r_bl_owyhee_dam,1987,94.948
owyhee_r_bl_owyhee_dam,1988,78.158
owyhee_r_bl_owyhee_dam,1989,368.268
owyhee_r_bl_owyhee_dam,1990,133.444
owyhee_r_bl_owyhee_dam,1991,194.764
owyhee_r_bl_owyhee_dam,1992,47.698
owyhee_r_bl_owyhee_dam,1993,433.736
owyhee_r_bl_owyhee_dam,1994,72.891
owyhee_r_bl_owyhee_dam,1995,454.189
owyhee_r_bl_owyhee_dam,1996,412.222
owyhee_r_bl_owyhee_dam,1997,410.556
owyhee_r_bl_owyhee_dam,1998,683.764
owyhee_r_bl_owyhee_dam,1999,371.472
owyhee_r_bl_owyhee_dam,2000,176.237
owyhee_r_bl_owyhee_dam,2001,140.703
owyhee_r_bl_owyhee_dam,2002,280.103
owyhee_r_bl_owyhee_dam,2003,134.794
owyhee_r_bl_owyhee_dam,2004,184.896
owyhee_r_bl_owyhee_dam,2006,906.85
owyhee_r_bl_owyhee_dam,2008,345.819
owyhee_r_bl_owyhee_dam,2010,297.684
owyhee_r_bl_owyhee_dam,2012,117.728
owyhee_r_bl_owyhee_dam,2014,69.818
owyhee_r_bl_owyhee_dam,2016,213.15
owyhee_r_bl_owyhee_dam,2018,118.743
owyhee_r_bl_owyhee_dam,2020,180.786
owyhee_r_bl_owyhee_dam,2022,154.332
